,iteration,Pi1,Pi2,Pi3,Pi4,Pi5,Pi6,Pf01,Pf12,Pf23,Pf14,Pf45,Pf56,V1,V2,V3,V4,V5,V6,Sell Price
0,0.0,-999.9999999687815,-999.9999999823309,2557.1378502367997,-999.9999999823657,3442.8621496826145,-999.9999999859366,-2000.0,-1557.1378502544692,-2557.1378502367997,-1442.8621497143124,-2442.862149696678,999.9999999859366,114.00003074381796,118.6844703606336,125.99999999986089,118.34699199563606,125.3635274695685,122.53984666095641,-104.99999999626168
1,1.0,-999.9999999687815,-999.9999999823309,2557.1378502367997,-999.9999999823657,3442.8621496826145,-999.9999999859366,-2000.0,-1557.1378502544692,-2557.1378502367997,-1442.8621497143124,-2442.862149696678,999.9999999859366,114.00003074381796,118.6844703606336,125.99999999986089,118.34699199563606,125.3635274695685,122.53984666095641,-104.99999999626168
2,2.0,-999.9999999687815,-999.9999999823309,2557.1378502367997,-999.9999999823657,3442.8621496826145,-999.9999999859366,-2000.0,-1557.1378502544692,-2557.1378502367997,-1442.8621497143124,-2442.862149696678,999.9999999859366,114.00003074381796,118.6844703606336,125.99999999986089,118.34699199563606,125.3635274695685,122.53984666095641,-104.99999999626168
3,3.0,-999.9999999687815,-999.9999999823309,2557.1378502367997,-999.9999999823657,3442.8621496826145,-999.9999999859366,-2000.0,-1557.1378502544692,-2557.1378502367997,-1442.8621497143124,-2442.862149696678,999.9999999859366,114.00003074381796,118.6844703606336,125.99999999986089,118.34699199563606,125.3635274695685,122.53984666095641,-104.99999999626168
4,4.0,-999.9999999687815,-999.9999999823309,2557.1378502367997,-999.9999999823657,3442.8621496826145,-999.9999999859366,-2000.0,-1557.1378502544692,-2557.1378502367997,-1442.8621497143124,-2442.862149696678,999.9999999859366,114.00003074381796,118.6844703606336,125.99999999986089,118.34699199563606,125.3635274695685,122.53984666095641,-104.99999999626168
5,5.0,-999.9999999687815,-999.9999999823309,2557.1378502367997,-999.9999999823657,3442.8621496826145,-999.9999999859366,-2000.0,-1557.1378502544692,-2557.1378502367997,-1442.8621497143124,-2442.862149696678,999.9999999859366,114.00003074381796,118.6844703606336,125.99999999986089,118.34699199563606,125.3635274695685,122.53984666095641,-104.99999999626168
6,6.0,-999.9999999687815,-999.9999999823309,2557.1378502367997,-999.9999999823657,3442.8621496826145,-999.9999999859366,-2000.0,-1557.1378502544692,-2557.1378502367997,-1442.8621497143124,-2442.862149696678,999.9999999859366,114.00003074381796,118.6844703606336,125.99999999986089,118.34699199563606,125.3635274695685,122.53984666095641,-104.99999999626168
7,7.0,-999.9999999687815,-999.9999999823309,2557.1378502367997,-999.9999999823657,3442.8621496826145,-999.9999999859366,-2000.0,-1557.1378502544692,-2557.1378502367997,-1442.8621497143124,-2442.862149696678,999.9999999859366,114.00003074381796,118.6844703606336,125.99999999986089,118.34699199563606,125.3635274695685,122.53984666095641,-104.99999999626168
8,8.0,-999.9999999687815,-999.9999999823309,2557.1378502367997,-999.9999999823657,3442.8621496826145,-999.9999999859366,-2000.0,-1557.1378502544692,-2557.1378502367997,-1442.8621497143124,-2442.862149696678,999.9999999859366,114.00003074381796,118.6844703606336,125.99999999986089,118.34699199563606,125.3635274695685,122.53984666095641,-104.99999999626168
9,9.0,-600.0000002810417,-600.000000157337,2000.005102736265,-600.0000000930467,2399.994897920825,-600.0000001256649,-2000.0,-1400.0051025789278,-2000.005102736265,-1199.994897702114,-1799.9948977951606,600.0000001256649,114.77454200970148,118.96721844836867,124.71247987774579,118.37732858080689,123.5847415759154,121.87365732715921,-39.0000000315887
10,10.0,5.7199428517287554e-11,-1.6638945167631678e-09,1000.0061527375196,-2.698558640598875e-08,999.9938472920651,-9.925031695886043e-10,-2000.0,-1000.0061527358557,-1000.0061527375196,-999.9938472640871,-999.9938472910727,9.925031695867696e-10,114.12247268255808,117.14923421899272,120.09973932116912,117.14919745463962,120.0996675989159,120.099667598913,59.999999999100964
11,11.0,1.606971705971523e-11,7.822742374787076e-11,1000.0061519417245,-7.711758104606144e-08,999.9938481352815,1.7321428134458365e-11,-2000.0,-1000.0061519418027,-1000.0061519417245,-999.9938480581812,-999.9938481352988,-1.7321428137415446e-11,114.12251459003275,117.1492750413403,120.09977913831025,117.14923828174484,120.09970742548714,120.09970742548718,59.99999999769116
12,12.0,-1.1214253598113941e-10,-1.8384563213320338e-10,1000.0063933241256,7.717176355550627e-08,999.9936065990328,-3.413965503777126e-11,-2000.0,-1000.0063933239418,-1000.0063933241256,-999.9936066761704,-999.9936065989987,3.4139655038195503e-11,114.1318003112883,117.15832158930345,120.10860415869243,117.15828339033058,120.1085296371099,120.1085296371098,60.00000000229925
13,13.0,-4.8949230085915216e-12,2.820611169785476e-11,1000.0071531049958,-3.868940914794008e-08,999.992844882033,2.051637288523478e-06,-2000.0,-1000.007153105024,-1000.0071531049958,-999.9928468949809,-999.9928469336703,-2.051637288523478e-06,114.1181605182305,117.14503646011123,120.09564760811658,117.1449937167112,120.09556422176199,120.09556422774054,60.00000005423432
14,14.0,3.0988577076689427e-10,2.1284326950141037e-10,1000.0060870058572,-6.496853445617417e-05,999.993980013731,-2.0515765724863385e-06,-2000.0,-1000.0060870060702,-1000.0060870058572,-999.99391299362,-999.9939779621544,2.051576572489653e-06,114.12734483382751,117.15398029880522,120.1043686171786,117.15394392721151,120.10429785014861,120.10429784417005,59.999997995580976
15,15.0,-7.562023268462288e-10,-5.459383394405696e-10,1000.0060315199182,6.492685724582997e-05,999.9939035546016,-7.50128133247539e-11,-2000.0,-1000.0060315193723,-1000.0060315199182,-999.9939684813838,-999.9939035545266,7.501281332543451e-11,114.1272335631028,117.15387173640704,120.10426255922138,117.15383569778693,120.10419206335985,120.10419206335963,60.00000194773043
16,16.0,7.780199916486275e-09,4.089644570384145e-10,1000.0059132291265,4.164916152649802e-08,999.9940867210231,1.2138285564501452e-11,-2000.0,-1000.0059132295354,-1000.0059132291265,-999.9940867626844,-999.9940867210353,-1.2138285564072036e-11,114.12166613671924,117.1484477962959,120.09897152074966,117.14841246280172,120.09890258973839,120.09890258973842,60.000000001795215
17,17.0,-7.2339647303721646e-09,-1.0501211041138393e-10,1000.0061611755315,-3.9186589221684547e-08,999.9938388710046,-1.0500745265095153e-11,-2000.0,-1000.0061611754264,-1000.0061611755315,-999.9938388318076,-999.9938388709941,1.0500745263697243e-11,114.12248054465942,117.14924190317623,120.09974684116479,117.14920508841918,120.09967502061804,120.09967502061801,59.99999999832801
18,18.0,-1.7118357422627705e-10,-2.3003271774723822e-11,1000.0061518933019,7.767169441572476e-08,999.9938480292437,-2.315799999798138e-11,-2000.0,-1000.0061518932789,-1000.0061518933019,-999.9938481068923,-999.9938480292205,2.315799999852185e-11,114.12251457996169,117.14927503138446,120.09977912845721,117.1492382720795,120.0997074157501,120.09970741575003,60.00000000231696
19,19.0,1.0996961020114632e-09,5.817069104955543e-10,1000.0061497912337,5.563085214520648e-10,999.9938502063906,1.3802079383681297e-10,-2000.0,-1000.0061497918155,-1000.0061497912337,-999.9938502070848,-999.9938502065286,-1.380207938385893e-10,114.12726653361878,117.15390420848068,120.1042945782692,117.15386746318146,120.10422289297514,120.10422289297554,60.00000000011846
20,20.0,-1.2262835047591749e-09,-5.714318005752835e-10,1000.0060525399865,-1.0373277212113443e-09,999.9939474629945,-1.4606965791104064e-10,-2000.0,-1000.0060525394151,-1000.0060525399865,-999.9939474618112,-999.9939474628485,1.4606965791498774e-10,114.12732310647817,117.1539590292533,120.10434776895471,117.1539228650653,120.10427721733224,120.10427721733181,59.99999999985869
21,21.0,1.91050794826302e-10,-4.9066351387235025e-12,1000.0061527099355,-1.5980616899631496e-07,999.9938474496555,2.895988746994107e-11,-2000.0,-1000.0061527099306,-1000.0061527099355,-999.9938472898784,-999.9938474496845,-2.8959887462357323e-11,114.12244057990542,117.14920294569357,120.09970881608353,117.14916618148489,120.09963709450389,120.09963709450398,59.99999999521939
22,22.0,-6.294643848728756e-10,-4.3074768132231065e-10,1000.0060242032328,0.00020096665292979043,999.9937748312528,-7.822786156940528e-11,-2000.0,-1000.006024202802,-1000.0060242032328,-999.9939757978275,-999.9937748311745,7.82278617938785e-11,114.12242639260229,117.14918874154999,120.09969458767439,117.14915274422005,120.09962377432872,120.09962377432849,60.00000602893744
23,23.0,2.125611480564066e-09,1.017583197793764e-09,1000.0047504719615,-0.00020072544484636505,999.9954502500709,2.69247901887398e-10,-2000.0,-1000.0047504729791,-1000.0047504719615,-999.9952495248953,-999.9954502503401,-2.6924790189086615e-10,114.12246407473826,117.1492216441117,120.09972296867002,117.14919325867187,120.09966817744872,120.0996681774495,59.99999397842917
24,24.0,-1.4069538993660833e-09,-5.764357539427932e-10,1000.003182261189,-7.945398050289974e-08,999.9968178203973,-1.4879228234279664e-10,-2000.0,-1000.0031822606124,-1000.003182261189,-999.9968177407944,-999.9968178202485,1.487922823428318e-10,114.13304223199833,117.15952183545923,120.1097655659037,117.15950282221941,120.10972847369156,120.10972847369112,59.99999999749363
25,25.0,5.45029881373876e-10,3.885054933165684e-10,1000.0060888214948,6.721931653708157e-05,999.9938439581875,6.756139256932092e-11,-2000.0,-1000.0060888218833,-1000.0060888214948,-999.9939111775716,-999.9938439582551,-6.75613920130528e-11,114.1224719664499,117.14923333066803,120.09973827034804,117.14919694756058,120.09966709522303,120.09966709522323,60.000002016633914
26,26.0,-5.986893999802346e-10,-3.899194289129042e-10,1000.006438499315,-6.722088404576771e-05,999.993628722637,-7.933712932242111e-11,-2000.0,-1000.006438498925,-1000.006438499315,-999.9935615016736,-999.9936287225577,7.93371293238979e-11,114.12248279252609,117.14924492150924,120.09975059353528,117.14920644964543,120.09967573598038,120.09967573598016,59.999997983315026
27,27.0,-4.541327288382695e-11,-7.856019241444633e-11,1000.0058556097691,1.7536566011860282e-09,999.994144388602,-8.148112780656551e-13,-2000.0,-1000.0058556096906,-1000.0058556097691,-999.9941443903548,-999.9941443886012,8.148112796921895e-13,114.12238959734398,117.1491523927289,120.09965863923824,117.14911740376513,120.09959038045594,120.09959038045594,60.000000000046356
28,28.0,3.9439602461438306e-10,1.3168313658073187e-10,1000.0061529093981,-1.5777605225558494e-07,999.9938472477946,5.726510405367137e-11,-2000.0,-1000.0061529095298,-1000.0061529093981,-999.9938470900759,-999.9938472478518,-5.7265104050899555e-11,114.1224876362744,117.14924878687106,120.09975353165684,117.14921202148447,120.09968180777203,120.0996818077722,59.99999999530034
29,29.0,-3.7019089071270427e-10,-9.975870307563634e-11,1000.0061573520684,1.558035466161828e-07,999.993842492641,-4.3008060580405656e-11,-2000.0,-1000.0061573519687,-1000.0061573520684,-999.9938426484015,-999.993842492598,4.300806057986398e-11,114.12725511355268,117.15389310603558,120.1042837705916,117.15385631556359,120.10421199671728,120.10421199671715,60.00000000464377
30,30.0,5.220420735128385e-08,-5.434369709237308e-10,1000.0085997802141,-3.8134706077081066e-08,999.9914002063496,-8.975657240611793e-11,-2000.0,-1000.0085997796707,-1000.0085997802141,-999.9914001681251,-999.9914002062598,8.975657240861023e-11,114.11719651845023,117.14410169136342,120.09474002187943,117.14405030281475,120.09463977002851,120.09463977002824,60.000000002381675
31,31.0,-5.186663209866786e-08,7.401148397844491e-10,1000.0061575464752,-3.9322036258747904e-08,999.9938425438456,1.2776785729989036e-10,-2000.0,-1000.0061575472153,-1000.0061575464752,-999.9938425046514,-999.9938425439734,-1.2776785729908885e-10,114.12729036397727,117.15392744635821,120.10431726790338,117.15389065488493,120.10424549264438,120.10424549264475,59.999999995326455
32,32.0,-1.6920541990033208e-09,-6.349574739872709e-10,1000.0058060779999,0.00020174687993897156,999.9939921776637,-2.1658530916611118e-10,-2000.0,-1000.0058060773649,-1000.0058060779999,-999.9941939243271,-999.9939921774471,2.1658531095338156e-10,114.122532330974,117.1492912908718,120.09979398157547,117.1492565972088,120.09972570911049,120.09972570910986,60.00000605226008
33,33.0,2.5424734319666496e-09,1.0005859076936159e-09,1000.005009082003,-0.00026713212845614996,999.9952580462577,3.247354064159954e-10,-2000.0,-1000.0050090830034,-1000.005009082003,-999.9949909144541,-999.9952580465825,-3.247354075185967e-10,114.12728098847522,117.15391488139149,120.10430166441571,117.15388495273044,120.10424405698012,120.10424405698107,59.999991986257825
34,34.0,-1.158914717256615e-09,-4.93972691149571e-10,1000.0061011247742,0.00012858051923492634,999.993770296512,-1.5253777189344182e-10,-2000.0,-1000.0061011242802,-1000.0061011247742,-999.9938988768787,-999.9937702963595,1.525377718934338e-10,114.12923706562877,117.15582368781114,120.10616676406266,117.15578723390624,120.10609527248715,120.10609527248671,60.0000038573129
35,35.0,-4.855319808801684e-10,-2.0401237839427602e-10,1000.0063306674831,0.000134423014509597,999.9935349102497,-5.783096159133144e-11,-2000.0,-1000.0063306672791,-1000.0063306674831,-999.9936693332064,-999.9935349101919,5.783096159130704e-11,114.12202379135339,117.14879745734194,120.09931380806707,117.14875962965837,120.09923961959383,120.09923961959366,60.000004032647695
36,36.0,-2.329442667200887e-10,-1.1441300412965407e-10,1000.0060103936238,-0.000153237644847348,999.9941428443848,-1.636883905045065e-11,-2000.0,-1000.0060103935094,-1000.0060103936238,-999.9939896067235,-999.9941428443684,1.6368839051140105e-11,114.12728009378966,117.15391700187303,120.10430665116579,117.15388108949293,120.1042370373421,120.10423703734206,59.99999540284979
37,37.0,7.208807973328481e-10,3.1643353951526147e-10,1000.0061946721269,-4.43413098682875e-05,999.9938449195479,4.748597805939898e-06,-2000.0,-1000.0061946724433,-1000.0061946721269,-999.9938053268359,-999.9938496681457,-4.748597805939898e-06,114.12721497807759,117.15385411891958,120.10424584997644,117.15381710549205,120.10417377077621,120.10417378461597,59.99999879803452
38,38.0,2.304117625159894e-06,-4.1522647472276766e-11,1000.0061748216593,3.530471249063421e-12,999.9938276227961,-4.748535070203057e-06,-2000.0,-1000.0061748216178,-1000.0061748216593,-999.9938228742645,-999.993822874261,4.7485350702032226e-06,114.11759774523378,117.14448530565552,120.09510714392584,117.14444840089142,120.09503514781665,120.0950351339777,60.00000002846799
39,39.0,-2.3041611630069306e-06,3.460728368997163e-11,1000.0062843256609,-6.286153906491825e-05,999.9937808399683,3.659059139341746e-11,-2000.0,-1000.0062843256954,-1000.0062843256609,-999.9937179784657,-999.9937808400049,-3.6590587756485075e-11,114.12717616340305,117.15381657542798,120.10420948958772,117.15377903172099,120.10413643089443,120.10413643089454,59.99999795747324
40,40.0,-3.1602716414786755e-11,-1.8306769549863706e-11,1000.0063513201104,-2.271719725235346e-06,999.9936509516741,-1.4911842817203138e-11,-2000.0,-1000.0063513200921,-1000.0063513201104,-999.9936486799394,-999.9936509516591,1.4911836491104952e-11,114.12729758786735,117.15393506191603,120.10432526066172,117.15389711332631,120.10425123328632,120.10425123328628,59.99999993184512
41,41.0,3.712279010072449e-10,6.456141393739544e-10,1000.0061311344301,6.517278355916909e-05,999.9938036917049,6.458198566422323e-11,-2000.0,-1000.0061311350757,-1000.0061311344301,-999.9938688645531,-999.9938036917695,-6.458198566081959e-11,114.1224876116614,117.1492486978404,120.09975338135585,117.14921206256174,120.09968172090703,120.09968172090721,60.000001955236314
42,42.0,4.444001934486431e-10,-6.364062255722273e-10,1000.0059431835733,-7.420411513302553e-10,999.9940568173141,4.6638012587577844e-11,-2000.0,-1000.0059431829369,-1000.0059431835733,-999.9940568166187,-999.9940568173607,-4.663801258890924e-11,114.12249197377128,117.14925238571298,120.09975643089338,117.14921687350294,120.09968715133013,120.09968715133027,59.999999999983764
43,43.0,-7.299683389251169e-10,6.088667344868646e-11,1000.0061946615733,-1.5695764065488862e-07,999.993805496144,-9.056782017687363e-11,-2000.0,-1000.0061946616341,-1000.0061946615733,-999.9938053390958,-999.9938054960535,9.056782017478944e-11,114.12242272197513,117.14918567449169,120.09969209144474,117.1491486596055,120.09961988081805,120.09961988081778,59.99999999524162
44,44.0,-4.4341516058015496e-11,-1.4152505870058815e-10,1000.0061527734505,1.5781052048606016e-07,999.993847068928,-3.0574600404128598e-12,-2000.0,-1000.0061527733089,-1000.0061527734505,-999.9938472267354,-999.9938470689249,3.0574600428764363e-12,114.12241699848981,117.14917997373453,120.0996864086655,117.14914320914166,120.09961468541059,120.09961468541059,60.00000000472556
45,45.0,3.539039643413144e-11,7.023948887095002e-11,1000.0061527321257,7.752094931583675e-08,999.9938471902441,3.666857393653018e-12,-2000.0,-1000.0061527321959,-1000.0061527321257,-999.9938472677687,-999.9938471902477,-3.666857394573489e-12,114.12247241817742,117.14923396143173,120.09973906991982,117.14919719710008,120.0996673474092,120.09966734740921,60.00000000233094
46,46.0,-7.388321585409625e-11,-2.74149315089619e-11,1000.006152744237,2.873392475019089e-09,999.9938472530024,-1.1523925897092257e-11,-2000.0,-1000.0061527442097,-1000.006152744237,-999.9938472558642,-999.9938472529908,1.1523925894839773e-11,114.12241700318124,117.14917997821723,120.09968641295237,117.14914321379948,120.09961469048926,120.09961469048922,60.00000000007977
47,47.0,-2.358674832574065e-12,1.2957809528464233e-11,1000.0061527217001,-1.5956992674183706e-07,999.9938474378384,2.083753772207343e-11,-2000.0,-1000.0061527217131,-1000.0061527217001,-999.9938472782893,-999.9938474378592,-2.0837537723526205e-11,114.12239521601339,117.14915875389484,120.09966570998596,117.14912198960275,120.09959398824458,120.09959398824465,59.99999999521383
48,48.0,-1.8183385954051045e-09,-4.361815375460944e-10,1000.006350669591,-7.77197846068829e-08,999.9936494106065,-2.2324098473058147e-10,-2000.0,-1000.0063506691548,-1000.006350669591,-999.9936493326635,-999.9936494103833,2.2324098473146123e-10,114.12729758705055,117.15393505978165,120.10432525708784,117.15389711424865,120.1042512305168,120.10425123051614,59.999999997521286
49,49.0,1.8116775097966161e-09,4.5562214048111734e-10,1000.0058514184581,-0.00012939391602062163,999.9942779729629,2.2775405342193345e-10,-2000.0,-1000.0058514189137,-1000.0058514184581,-999.9941485792747,-999.9942779731907,-2.277540539117138e-10,114.12245114556505,117.14921233769273,120.099717099119,117.14917737520928,120.09964926648017,120.09964926648084,59.99999611833008
50,50.0,7.112842274206972e-10,2.2005026244475233e-10,1000.0063074017656,0.0001294723505841298,999.993563124862,9.048105803688878e-11,-2000.0,-1000.0063074019857,-1000.0063074017656,-999.993692597303,-999.9935631249524,-9.048105803485505e-11,114.12729801875825,117.15393535107539,120.10432541513767,117.15389766405828,120.104251515373,120.10425151537326,60.000003884230125
51,51.0,-9.520036136853545e-10,-3.2527907004380555e-10,1000.0061208426771,6.52652552469923e-05,999.9938138934257,-8.068711170849379e-11,-2000.0,-1000.0061208423517,-1000.0061208426771,-999.9938791586003,-999.993813893345,8.068711170854011e-11,114.12169583870357,117.14847735114282,120.09900095455039,117.14844077712941,120.09892941337127,120.09892941337102,60.00000195787773
52,52.0,2.599802326866317e-10,1.4159301520784165e-10,1000.0060695047413,-6.518787113396506e-05,999.9939956827208,7.43765962980286e-12,-2000.0,-1000.0060695048829,-1000.0060695047413,-999.9939304948572,-999.9939956827283,-7.437659629355433e-12,114.1224857980094,117.1492467469177,120.09975129875842,117.14921047989678,120.09968073663336,120.09968073663339,59.999998044387404
53,53.0,-8.881624114510964e-10,-4.751815662310877e-10,1000.0061526579019,8.185215093984687e-08,999.9938472617146,-1.0517032124018548e-10,-2000.0,-1000.0061526574267,-1000.0061526579019,-999.9938473434615,-999.9938472616093,1.051703212471022e-10,114.12247271546761,117.14923425081594,120.09973935197684,117.14919748693488,120.09966763033276,120.09966763033246,60.00000000237332
54,54.0,1.0461312316887468e-09,5.167914457094769e-10,1000.0061503310086,-6.243953001917443e-05,999.993912106818,1.4056381529447288e-10,-2000.0,-1000.0061503315253,-1000.0061503310086,-999.9938496674284,-999.9939121069585,-1.4056381750354336e-10,114.1223048499124,117.14907071487363,120.0995798275393,117.1490339645271,120.09950831551613,120.09950831551653,59.9999981269097
55,55.0,-4.945400421430529e-09,7.799651496580566e-09,1000.0061706930024,3.948867064849424e-05,999.9937898159206,-4.4807275081159015e-10,-2000.0,-1000.0061707008022,-1000.0061706930024,-999.9938293041433,-999.9937898154726,4.480727508140441e-10,114.13182457053097,117.15834455679526,120.10862591327107,117.1583076879791,120.1085538718262,120.1085538718249,60.00000118462371
56,56.0,4.902961942697476e-09,-7.869680676997242e-09,1000.0063338871441,2.294945607534291e-05,999.9936431659434,4.231659128545773e-10,-2000.0,-1000.0063338792744,-1000.0063338871441,-999.9936661158226,-999.9936431663665,-4.231659128457188e-10,114.12236902749041,117.14913378323371,120.09964188074329,117.14909593645176,120.09956797983926,120.09956797984049,60.00000068851372
57,57.0,-7.516967022602174e-11,5.584233567237783e-11,1000.0050127811991,-2.3507147825122887e-07,999.9949874538661,2.5618280455458405e-11,-2000.0,-1000.0050127812549,-1000.0050127811991,-999.9949872188203,-999.9949874538917,-2.56182804600948e-11,114.12234949372898,117.14911080719052,120.09961561912863,117.1490808543639,120.09955718585904,120.09955718585911,59.99999999294567
58,58.0,-7.19870288882065e-11,-2.598771930641404e-11,1000.0061620073262,1.1619839893870696e-07,999.9938371717338,7.048394691185869e-07,-2000.0,-1000.0061620073002,-1000.0061620073262,-999.9938379927718,-999.9938378765734,-7.048394691185881e-07,114.12854538616627,117.15515005908748,120.10550986017618,117.1551132411958,120.10543803288577,120.10543803493975,60.000000022510676
59,59.0,-3.0613386787186615e-10,-1.413836370051925e-10,1000.006127169254,-3.8567745425205596e-08,999.9938735746416,-7.048802918666892e-07,-2000.0,-1000.0061271691126,-1000.006127169254,-999.9938728311935,-999.9938728697613,7.048802918666886e-07,114.12730058792688,117.15393731541987,120.10432680600537,117.15390070530624,120.10425538455237,120.10425538249827,59.99999997978473
60,60.0,9.640401638067282e-10,4.065485159648493e-10,1000.0063006807961,0.00016631462078638235,999.9935330030852,1.2731855123681993e-10,-2000.0,-1000.0063006812027,-1000.0063006807961,-999.9936993178334,-999.9935330032125,-1.2731855123702098e-10,114.12241687632664,117.1491802966239,120.09968715466088,117.14914264823537,120.09961322301977,120.09961322302014,60.00000498952388
61,61.0,-1.5692996914908214e-09,-7.799032744197152e-10,1000.0062717154472,-0.00023185178172341442,999.9939601388821,-1.9830800296018744e-10,-2000.0,-1000.0062717146673,-1000.0062717154472,-999.9937282869021,-999.9939601386839,1.9830800411321148e-10,114.12239496413477,117.14915886341524,120.09966616432375,117.14912138896213,120.09959373224733,120.09959373224675,59.99999304430328
62,62.0,8.697601996271667e-10,4.3563918847293765e-10,1000.0061308826002,6.546057953331664e-05,999.9938036554169,9.791876131500834e-11,-2000.0,-1000.0061308830359,-1000.0061308826002,-999.9938691160944,-999.9938036555149,-9.791876131085262e-11,114.12244499136723,117.14920717796582,120.09971288077243,117.14917054417718,120.09964122239077,120.09964122239106,60.000001963896594
63,63.0,7.613502525859022e-10,2.2601757721769176e-10,1000.0060473019433,-1.3354992766778217e-09,999.993952698302,1.0286313788149762e-10,-2000.0,-1000.0060473021693,-1000.0060473019433,-999.9939526970693,-999.9939526984048,-1.0286313787957456e-10,114.1224388794746,117.14920097427313,120.09970658591216,117.14916483990471,120.09963609260211,120.09963609260241,60.000000000023526
64,64.0,-8.467405833225664e-10,-2.772448179999844e-10,1785.425568987095,1.1613182343904377e-07,214.57441556170116,1.533619599261571e-05,-2000.0,-1785.4255689868178,-1785.425568987095,-214.574431014029,-214.57443089789714,-1.533619599260877e-05,115.43063245375508,120.72294233845962,125.79279274049972,116.07942543945195,116.72461228026673,116.72461232663409,60.00000041749258
65,65.0,1.1717926084545325e-10,5.544993873382806e-11,2000.0000153185044,1.1518837996379928e-10,-1.5245858501005057e-10,-1.5318639813897123e-05,-2000.0,-2000.00001531856,-2000.0000153185044,1.531867708410216e-05,1.5318792272482135e-05,1.5318639813897116e-05,114.35033873692649,120.3162498583334,125.99999996307919,114.35033869003955,114.35033864315227,114.35033859626544,59.99999958641036
66,66.0,-2.900169449426269e-10,-1.1643739888800333e-10,2000.0000000350988,-9.582042044164387e-11,-1.4647535040616717e-14,-3.459643154442527e-08,-2000.0,-2000.0000000349823,-2000.0000000350988,3.469226661240182e-08,3.459644619195596e-08,3.4596431544428656e-08,114.3503387962334,120.31624987023889,125.99999993199471,114.3503387961272,114.35033879602132,114.35033879591543,59.99999999903864
67,67.0,3.728402911046539e-10,1.6380722685173978e-10,2000.0000002525878,3.257926753550677e-10,-2.530687706979342e-07,-3.815864556096422e-10,-2000.0,-2000.0000002527518,-2000.0000002525878,2.5312456447819067e-07,2.534503571535497e-07,3.8158645560625406e-10,114.3503388245112,120.31624989774876,125.99999995886678,114.35033882373644,114.3503388229607,114.35033882295951,60.00000000003137
68,68.0,-2.645773681762659e-10,-1.9836795457163992e-10,799.9999997297288,-3.277682509833513e-05,-1.8557471754586666e-15,1200.0000330475593,-2000.0,-799.9999997295304,-799.9999997297288,-1200.000000270734,-1200.0000330475593,-1200.0000330475593,114.01257466891498,116.44254884896802,118.82283948068861,117.63871464284682,121.15637501079586,124.57474555017549,92.39999990895343
69,69.0,-1.2054476959567921e-10,-5.113987861578899e-10,-1.6590125525995332e-10,942.8571423383609,-9.28169896699672e-15,1057.1428576624369,-2000.0,6.773000674869406e-10,1.6590128132905087e-10,-2000.0000000007979,-1057.1428576624369,-1057.1428576624369,114.00000000000024,114.0,114.0,119.9833321757677,123.02845199394824,126.0,116.82857142700796
70,70.0,-2.2408051903268812e-10,-1.338827634235105e-07,0.0,1255.9040608894625,0.0,744.0959392446443,-2000.0,1.3388275224137454e-07,-1.1182134252297853e-14,-2000.0000001341068,-744.0959392446443,-744.0959392446443,114.02184405274674,114.02184405233578,114.02184405233578,120.00408710241264,122.15501659267973,124.2687218741397,117.76771218091874
71,71.0,5.448217265494304e-10,2.7314611146531744e-06,-5.02765034172307e-14,942.8571387591105,-4.856140609276975e-16,1057.1428585088838,-2000.0,-2.731461064376671e-06,5.027650327087956e-14,-1999.999997267994,-1057.1428585088838,-1057.1428585088838,114.0,114.00000000838607,114.00000000838607,119.98333216779572,123.0284519899515,126.0,116.82857145180867
72,72.0,4.867549132778107e-12,-2.5969009606305103e-06,0.0,942.8571480509453,-6.835674425781598e-17,1057.1428545459507,-2000.0,2.596900960049551e-06,-5.809590683650274e-16,-2000.000002596896,-1057.1428545459507,-1057.1428545459507,114.00000000797294,114.0,114.0,119.98333219091583,123.02845200122543,126.0,116.82857141039332
73,73.0,1.510347072019194e-14,-1.635309813482426e-10,0.0,942.8571428571772,-1.2406064490638486e-16,1057.1428571429863,-2000.0,1.6352727666408943e-10,-3.704684153150149e-15,-2000.0000000001635,-1057.1428571429863,-1057.1428571429863,114.00000000000004,114.0,114.0,119.98333217576567,123.02845199383836,126.0,116.8285714285694
74,74.0,-3.5250412498044736e-12,1.35556164939666e-10,-1.4857907384694954e-17,942.8571428569693,-2.5303894702662474e-17,1057.1428571428987,-2000.0,-1.355561500834596e-10,1.485620641581314e-17,-1999.9999999998681,-1057.1428571428987,-1057.1428571428987,114.0,114.00000000000041,114.00000000000041,119.98333217576476,123.0284519938374,126.0,116.82857142857253
75,75.0,-8.509953275622251e-12,6.19913118977412e-12,0.0,942.8571428571105,0.0,1057.1428571428917,-2000.0,-6.199193109872728e-12,-6.192009859944374e-17,-2000.0000000000023,-1057.1428571428917,-1057.1428571428917,114.0,114.0,114.0,119.98333217576514,123.02845199383758,125.99999999999999,116.82857142857105
76,76.0,-8.509953275622251e-12,6.19913118977412e-12,0.0,942.8571428571105,0.0,1057.1428571428917,-2000.0,-6.199193109872728e-12,-6.192009859944374e-17,-2000.0000000000023,-1057.1428571428917,-1057.1428571428917,114.0,114.0,114.0,119.98333217576514,123.02845199383758,125.99999999999999,116.82857142857105
77,77.0,-8.509953275622251e-12,6.19913118977412e-12,0.0,942.8571428571105,0.0,1057.1428571428917,-2000.0,-6.199193109872728e-12,-6.192009859944374e-17,-2000.0000000000023,-1057.1428571428917,-1057.1428571428917,114.0,114.0,114.0,119.98333217576514,123.02845199383758,125.99999999999999,116.82857142857105
78,78.0,-8.509953275622251e-12,6.19913118977412e-12,0.0,942.8571428571105,0.0,1057.1428571428917,-2000.0,-6.199193109872728e-12,-6.192009859944374e-17,-2000.0000000000023,-1057.1428571428917,-1057.1428571428917,114.0,114.0,114.0,119.98333217576514,123.02845199383758,125.99999999999999,116.82857142857105
79,79.0,-8.509953275622251e-12,6.19913118977412e-12,0.0,942.8571428571105,0.0,1057.1428571428917,-2000.0,-6.199193109872728e-12,-6.192009859944374e-17,-2000.0000000000023,-1057.1428571428917,-1057.1428571428917,114.0,114.0,114.0,119.98333217576514,123.02845199383758,125.99999999999999,116.82857142857105
80,80.0,-8.509953275622251e-12,6.19913118977412e-12,0.0,942.8571428571105,0.0,1057.1428571428917,-2000.0,-6.199193109872728e-12,-6.192009859944374e-17,-2000.0000000000023,-1057.1428571428917,-1057.1428571428917,114.0,114.0,114.0,119.98333217576514,123.02845199383758,125.99999999999999,116.82857142857105
81,81.0,-8.509953275622251e-12,6.19913118977412e-12,0.0,942.8571428571105,0.0,1057.1428571428917,-2000.0,-6.199193109872728e-12,-6.192009859944374e-17,-2000.0000000000023,-1057.1428571428917,-1057.1428571428917,114.0,114.0,114.0,119.98333217576514,123.02845199383758,125.99999999999999,116.82857142857105
82,82.0,-8.509953275622251e-12,6.19913118977412e-12,0.0,942.8571428571105,0.0,1057.1428571428917,-2000.0,-6.199193109872728e-12,-6.192009859944374e-17,-2000.0000000000023,-1057.1428571428917,-1057.1428571428917,114.0,114.0,114.0,119.98333217576514,123.02845199383758,125.99999999999999,116.82857142857105
83,83.0,-8.509953275622251e-12,6.19913118977412e-12,0.0,942.8571428571105,0.0,1057.1428571428917,-2000.0,-6.199193109872728e-12,-6.192009859944374e-17,-2000.0000000000023,-1057.1428571428917,-1057.1428571428917,114.0,114.0,114.0,119.98333217576514,123.02845199383758,125.99999999999999,116.82857142857105
84,84.0,-8.509953275622251e-12,6.19913118977412e-12,0.0,942.8571428571105,0.0,1057.1428571428917,-2000.0,-6.199193109872728e-12,-6.192009859944374e-17,-2000.0000000000023,-1057.1428571428917,-1057.1428571428917,114.0,114.0,114.0,119.98333217576514,123.02845199383758,125.99999999999999,116.82857142857105
85,85.0,-8.509953275622251e-12,6.19913118977412e-12,0.0,942.8571428571105,0.0,1057.1428571428917,-2000.0,-6.199193109872728e-12,-6.192009859944374e-17,-2000.0000000000023,-1057.1428571428917,-1057.1428571428917,114.0,114.0,114.0,119.98333217576514,123.02845199383758,125.99999999999999,116.82857142857105
86,86.0,-8.509953275622251e-12,6.19913118977412e-12,0.0,942.8571428571105,0.0,1057.1428571428917,-2000.0,-6.199193109872728e-12,-6.192009859944374e-17,-2000.0000000000023,-1057.1428571428917,-1057.1428571428917,114.0,114.0,114.0,119.98333217576514,123.02845199383758,125.99999999999999,116.82857142857105
87,87.0,-8.509953275622251e-12,6.19913118977412e-12,0.0,942.8571428571105,0.0,1057.1428571428917,-2000.0,-6.199193109872728e-12,-6.192009859944374e-17,-2000.0000000000023,-1057.1428571428917,-1057.1428571428917,114.0,114.0,114.0,119.98333217576514,123.02845199383758,125.99999999999999,116.82857142857105
88,88.0,-8.509953275622251e-12,6.19913118977412e-12,0.0,942.8571428571105,0.0,1057.1428571428917,-2000.0,-6.199193109872728e-12,-6.192009859944374e-17,-2000.0000000000023,-1057.1428571428917,-1057.1428571428917,114.0,114.0,114.0,119.98333217576514,123.02845199383758,125.99999999999999,116.82857142857105
89,89.0,-8.509953275622251e-12,6.19913118977412e-12,0.0,942.8571428571105,0.0,1057.1428571428917,-2000.0,-6.199193109872728e-12,-6.192009859944374e-17,-2000.0000000000023,-1057.1428571428917,-1057.1428571428917,114.0,114.0,114.0,119.98333217576514,123.02845199383758,125.99999999999999,116.82857142857105
90,90.0,-8.509953275622251e-12,6.19913118977412e-12,0.0,942.8571428571105,0.0,1057.1428571428917,-2000.0,-6.199193109872728e-12,-6.192009859944374e-17,-2000.0000000000023,-1057.1428571428917,-1057.1428571428917,114.0,114.0,114.0,119.98333217576514,123.02845199383758,125.99999999999999,116.82857142857105
91,91.0,-8.509953275622251e-12,6.19913118977412e-12,0.0,942.8571428571105,0.0,1057.1428571428917,-2000.0,-6.199193109872728e-12,-6.192009859944374e-17,-2000.0000000000023,-1057.1428571428917,-1057.1428571428917,114.0,114.0,114.0,119.98333217576514,123.02845199383758,125.99999999999999,116.82857142857105
92,92.0,-8.509953275622251e-12,6.19913118977412e-12,0.0,942.8571428571105,0.0,1057.1428571428917,-2000.0,-6.199193109872728e-12,-6.192009859944374e-17,-2000.0000000000023,-1057.1428571428917,-1057.1428571428917,114.0,114.0,114.0,119.98333217576514,123.02845199383758,125.99999999999999,116.82857142857105
93,93.0,-8.509953275622251e-12,6.19913118977412e-12,0.0,942.8571428571105,0.0,1057.1428571428917,-2000.0,-6.199193109872728e-12,-6.192009859944374e-17,-2000.0000000000023,-1057.1428571428917,-1057.1428571428917,114.0,114.0,114.0,119.98333217576514,123.02845199383758,125.99999999999999,116.82857142857105
94,94.0,-8.509953275622251e-12,6.19913118977412e-12,0.0,942.8571428571105,0.0,1057.1428571428917,-2000.0,-6.199193109872728e-12,-6.192009859944374e-17,-2000.0000000000023,-1057.1428571428917,-1057.1428571428917,114.0,114.0,114.0,119.98333217576514,123.02845199383758,125.99999999999999,116.82857142857105
95,95.0,-8.509953275622251e-12,6.19913118977412e-12,0.0,942.8571428571105,0.0,1057.1428571428917,-2000.0,-6.199193109872728e-12,-6.192009859944374e-17,-2000.0000000000023,-1057.1428571428917,-1057.1428571428917,114.0,114.0,114.0,119.98333217576514,123.02845199383758,125.99999999999999,116.82857142857105
96,96.0,-8.509953275622251e-12,6.19913118977412e-12,0.0,942.8571428571105,0.0,1057.1428571428917,-2000.0,-6.199193109872728e-12,-6.192009859944374e-17,-2000.0000000000023,-1057.1428571428917,-1057.1428571428917,114.0,114.0,114.0,119.98333217576514,123.02845199383758,125.99999999999999,116.82857142857105
97,97.0,-8.509953275622251e-12,6.19913118977412e-12,0.0,942.8571428571105,0.0,1057.1428571428917,-2000.0,-6.199193109872728e-12,-6.192009859944374e-17,-2000.0000000000023,-1057.1428571428917,-1057.1428571428917,114.0,114.0,114.0,119.98333217576514,123.02845199383758,125.99999999999999,116.82857142857105
98,98.0,-8.509953275622251e-12,6.19913118977412e-12,0.0,942.8571428571105,0.0,1057.1428571428917,-2000.0,-6.199193109872728e-12,-6.192009859944374e-17,-2000.0000000000023,-1057.1428571428917,-1057.1428571428917,114.0,114.0,114.0,119.98333217576514,123.02845199383758,125.99999999999999,116.82857142857105
99,99.0,-8.509953275622251e-12,6.19913118977412e-12,0.0,942.8571428571105,0.0,1057.1428571428917,-2000.0,-6.199193109872728e-12,-6.192009859944374e-17,-2000.0000000000023,-1057.1428571428917,-1057.1428571428917,114.0,114.0,114.0,119.98333217576514,123.02845199383758,125.99999999999999,116.82857142857105
100,100.0,-8.509953275622251e-12,6.19913118977412e-12,0.0,942.8571428571105,0.0,1057.1428571428917,-2000.0,-6.199193109872728e-12,-6.192009859944374e-17,-2000.0000000000023,-1057.1428571428917,-1057.1428571428917,114.0,114.0,114.0,119.98333217576514,123.02845199383758,125.99999999999999,116.82857142857105
101,101.0,-8.509953275622251e-12,6.19913118977412e-12,0.0,942.8571428571105,0.0,1057.1428571428917,-2000.0,-6.199193109872728e-12,-6.192009859944374e-17,-2000.0000000000023,-1057.1428571428917,-1057.1428571428917,114.0,114.0,114.0,119.98333217576514,123.02845199383758,125.99999999999999,116.82857142857105
102,102.0,-8.509953275622251e-12,6.19913118977412e-12,0.0,942.8571428571105,0.0,1057.1428571428917,-2000.0,-6.199193109872728e-12,-6.192009859944374e-17,-2000.0000000000023,-1057.1428571428917,-1057.1428571428917,114.0,114.0,114.0,119.98333217576514,123.02845199383758,125.99999999999999,116.82857142857105
103,103.0,-8.509953275622251e-12,6.19913118977412e-12,0.0,942.8571428571105,0.0,1057.1428571428917,-2000.0,-6.199193109872728e-12,-6.192009859944374e-17,-2000.0000000000023,-1057.1428571428917,-1057.1428571428917,114.0,114.0,114.0,119.98333217576514,123.02845199383758,125.99999999999999,116.82857142857105
104,104.0,-8.509953275622251e-12,6.19913118977412e-12,0.0,942.8571428571105,0.0,1057.1428571428917,-2000.0,-6.199193109872728e-12,-6.192009859944374e-17,-2000.0000000000023,-1057.1428571428917,-1057.1428571428917,114.0,114.0,114.0,119.98333217576514,123.02845199383758,125.99999999999999,116.82857142857105
105,105.0,-8.509953275622251e-12,6.19913118977412e-12,0.0,942.8571428571105,0.0,1057.1428571428917,-2000.0,-6.199193109872728e-12,-6.192009859944374e-17,-2000.0000000000023,-1057.1428571428917,-1057.1428571428917,114.0,114.0,114.0,119.98333217576514,123.02845199383758,125.99999999999999,116.82857142857105
106,106.0,-8.509953275622251e-12,6.19913118977412e-12,0.0,942.8571428571105,0.0,1057.1428571428917,-2000.0,-6.199193109872728e-12,-6.192009859944374e-17,-2000.0000000000023,-1057.1428571428917,-1057.1428571428917,114.0,114.0,114.0,119.98333217576514,123.02845199383758,125.99999999999999,116.82857142857105
107,107.0,-8.509953275622251e-12,6.19913118977412e-12,0.0,942.8571428571105,0.0,1057.1428571428917,-2000.0,-6.199193109872728e-12,-6.192009859944374e-17,-2000.0000000000023,-1057.1428571428917,-1057.1428571428917,114.0,114.0,114.0,119.98333217576514,123.02845199383758,125.99999999999999,116.82857142857105
108,108.0,-8.509953275622251e-12,6.19913118977412e-12,0.0,942.8571428571105,0.0,1057.1428571428917,-2000.0,-6.199193109872728e-12,-6.192009859944374e-17,-2000.0000000000023,-1057.1428571428917,-1057.1428571428917,114.0,114.0,114.0,119.98333217576514,123.02845199383758,125.99999999999999,116.82857142857105
109,109.0,-8.509953275622251e-12,6.19913118977412e-12,0.0,942.8571428571105,0.0,1057.1428571428917,-2000.0,-6.199193109872728e-12,-6.192009859944374e-17,-2000.0000000000023,-1057.1428571428917,-1057.1428571428917,114.0,114.0,114.0,119.98333217576514,123.02845199383758,125.99999999999999,116.82857142857105
110,110.0,-8.509953275622251e-12,6.19913118977412e-12,0.0,942.8571428571105,0.0,1057.1428571428917,-2000.0,-6.199193109872728e-12,-6.192009859944374e-17,-2000.0000000000023,-1057.1428571428917,-1057.1428571428917,114.0,114.0,114.0,119.98333217576514,123.02845199383758,125.99999999999999,116.82857142857105
111,111.0,-8.509953275622251e-12,6.19913118977412e-12,0.0,942.8571428571105,0.0,1057.1428571428917,-2000.0,-6.199193109872728e-12,-6.192009859944374e-17,-2000.0000000000023,-1057.1428571428917,-1057.1428571428917,114.0,114.0,114.0,119.98333217576514,123.02845199383758,125.99999999999999,116.82857142857105
112,112.0,-8.509953275622251e-12,6.19913118977412e-12,0.0,942.8571428571105,0.0,1057.1428571428917,-2000.0,-6.199193109872728e-12,-6.192009859944374e-17,-2000.0000000000023,-1057.1428571428917,-1057.1428571428917,114.0,114.0,114.0,119.98333217576514,123.02845199383758,125.99999999999999,116.82857142857105
113,113.0,-8.509953275622251e-12,6.19913118977412e-12,0.0,942.8571428571105,0.0,1057.1428571428917,-2000.0,-6.199193109872728e-12,-6.192009859944374e-17,-2000.0000000000023,-1057.1428571428917,-1057.1428571428917,114.0,114.0,114.0,119.98333217576514,123.02845199383758,125.99999999999999,116.82857142857105
114,114.0,-8.509953275622251e-12,6.19913118977412e-12,0.0,942.8571428571105,0.0,1057.1428571428917,-2000.0,-6.199193109872728e-12,-6.192009859944374e-17,-2000.0000000000023,-1057.1428571428917,-1057.1428571428917,114.0,114.0,114.0,119.98333217576514,123.02845199383758,125.99999999999999,116.82857142857105
115,115.0,-8.509953275622251e-12,6.19913118977412e-12,0.0,942.8571428571105,0.0,1057.1428571428917,-2000.0,-6.199193109872728e-12,-6.192009859944374e-17,-2000.0000000000023,-1057.1428571428917,-1057.1428571428917,114.0,114.0,114.0,119.98333217576514,123.02845199383758,125.99999999999999,116.82857142857105
116,116.0,-8.509953275622251e-12,6.19913118977412e-12,0.0,942.8571428571105,0.0,1057.1428571428917,-2000.0,-6.199193109872728e-12,-6.192009859944374e-17,-2000.0000000000023,-1057.1428571428917,-1057.1428571428917,114.0,114.0,114.0,119.98333217576514,123.02845199383758,125.99999999999999,116.82857142857105
117,117.0,-8.509953275622251e-12,6.19913118977412e-12,0.0,942.8571428571105,0.0,1057.1428571428917,-2000.0,-6.199193109872728e-12,-6.192009859944374e-17,-2000.0000000000023,-1057.1428571428917,-1057.1428571428917,114.0,114.0,114.0,119.98333217576514,123.02845199383758,125.99999999999999,116.82857142857105
118,118.0,-8.509953275622251e-12,6.19913118977412e-12,0.0,942.8571428571105,0.0,1057.1428571428917,-2000.0,-6.199193109872728e-12,-6.192009859944374e-17,-2000.0000000000023,-1057.1428571428917,-1057.1428571428917,114.0,114.0,114.0,119.98333217576514,123.02845199383758,125.99999999999999,116.82857142857105
119,119.0,-8.509953275622251e-12,6.19913118977412e-12,0.0,942.8571428571105,0.0,1057.1428571428917,-2000.0,-6.199193109872728e-12,-6.192009859944374e-17,-2000.0000000000023,-1057.1428571428917,-1057.1428571428917,114.0,114.0,114.0,119.98333217576514,123.02845199383758,125.99999999999999,116.82857142857105
120,120.0,-8.509953275622251e-12,6.19913118977412e-12,0.0,942.8571428571105,0.0,1057.1428571428917,-2000.0,-6.199193109872728e-12,-6.192009859944374e-17,-2000.0000000000023,-1057.1428571428917,-1057.1428571428917,114.0,114.0,114.0,119.98333217576514,123.02845199383758,125.99999999999999,116.82857142857105
121,121.0,-8.509953275622251e-12,6.19913118977412e-12,0.0,942.8571428571105,0.0,1057.1428571428917,-2000.0,-6.199193109872728e-12,-6.192009859944374e-17,-2000.0000000000023,-1057.1428571428917,-1057.1428571428917,114.0,114.0,114.0,119.98333217576514,123.02845199383758,125.99999999999999,116.82857142857105
122,122.0,-8.509953275622251e-12,6.19913118977412e-12,0.0,942.8571428571105,0.0,1057.1428571428917,-2000.0,-6.199193109872728e-12,-6.192009859944374e-17,-2000.0000000000023,-1057.1428571428917,-1057.1428571428917,114.0,114.0,114.0,119.98333217576514,123.02845199383758,125.99999999999999,116.82857142857105
123,123.0,-8.509953275622251e-12,6.19913118977412e-12,0.0,942.8571428571105,0.0,1057.1428571428917,-2000.0,-6.199193109872728e-12,-6.192009859944374e-17,-2000.0000000000023,-1057.1428571428917,-1057.1428571428917,114.0,114.0,114.0,119.98333217576514,123.02845199383758,125.99999999999999,116.82857142857105
124,124.0,-8.509953275622251e-12,6.19913118977412e-12,0.0,942.8571428571105,0.0,1057.1428571428917,-2000.0,-6.199193109872728e-12,-6.192009859944374e-17,-2000.0000000000023,-1057.1428571428917,-1057.1428571428917,114.0,114.0,114.0,119.98333217576514,123.02845199383758,125.99999999999999,116.82857142857105
125,125.0,-8.509953275622251e-12,6.19913118977412e-12,0.0,942.8571428571105,0.0,1057.1428571428917,-2000.0,-6.199193109872728e-12,-6.192009859944374e-17,-2000.0000000000023,-1057.1428571428917,-1057.1428571428917,114.0,114.0,114.0,119.98333217576514,123.02845199383758,125.99999999999999,116.82857142857105
126,126.0,-8.509953275622251e-12,6.19913118977412e-12,0.0,942.8571428571105,0.0,1057.1428571428917,-2000.0,-6.199193109872728e-12,-6.192009859944374e-17,-2000.0000000000023,-1057.1428571428917,-1057.1428571428917,114.0,114.0,114.0,119.98333217576514,123.02845199383758,125.99999999999999,116.82857142857105
127,127.0,-8.509953275622251e-12,6.19913118977412e-12,0.0,942.8571428571105,0.0,1057.1428571428917,-2000.0,-6.199193109872728e-12,-6.192009859944374e-17,-2000.0000000000023,-1057.1428571428917,-1057.1428571428917,114.0,114.0,114.0,119.98333217576514,123.02845199383758,125.99999999999999,116.82857142857105
128,128.0,-8.509953275622251e-12,6.19913118977412e-12,0.0,942.8571428571105,0.0,1057.1428571428917,-2000.0,-6.199193109872728e-12,-6.192009859944374e-17,-2000.0000000000023,-1057.1428571428917,-1057.1428571428917,114.0,114.0,114.0,119.98333217576514,123.02845199383758,125.99999999999999,116.82857142857105
129,129.0,-8.509953275622251e-12,6.19913118977412e-12,0.0,942.8571428571105,0.0,1057.1428571428917,-2000.0,-6.199193109872728e-12,-6.192009859944374e-17,-2000.0000000000023,-1057.1428571428917,-1057.1428571428917,114.0,114.0,114.0,119.98333217576514,123.02845199383758,125.99999999999999,116.82857142857105
130,130.0,-8.509953275622251e-12,6.19913118977412e-12,0.0,942.8571428571105,0.0,1057.1428571428917,-2000.0,-6.199193109872728e-12,-6.192009859944374e-17,-2000.0000000000023,-1057.1428571428917,-1057.1428571428917,114.0,114.0,114.0,119.98333217576514,123.02845199383758,125.99999999999999,116.82857142857105
131,131.0,-8.509953275622251e-12,6.19913118977412e-12,0.0,942.8571428571105,0.0,1057.1428571428917,-2000.0,-6.199193109872728e-12,-6.192009859944374e-17,-2000.0000000000023,-1057.1428571428917,-1057.1428571428917,114.0,114.0,114.0,119.98333217576514,123.02845199383758,125.99999999999999,116.82857142857105
132,132.0,-8.509953275622251e-12,6.19913118977412e-12,0.0,942.8571428571105,0.0,1057.1428571428917,-2000.0,-6.199193109872728e-12,-6.192009859944374e-17,-2000.0000000000023,-1057.1428571428917,-1057.1428571428917,114.0,114.0,114.0,119.98333217576514,123.02845199383758,125.99999999999999,116.82857142857105
133,133.0,-8.509953275622251e-12,6.19913118977412e-12,0.0,942.8571428571105,0.0,1057.1428571428917,-2000.0,-6.199193109872728e-12,-6.192009859944374e-17,-2000.0000000000023,-1057.1428571428917,-1057.1428571428917,114.0,114.0,114.0,119.98333217576514,123.02845199383758,125.99999999999999,116.82857142857105
134,134.0,-8.509953275622251e-12,6.19913118977412e-12,0.0,942.8571428571105,0.0,1057.1428571428917,-2000.0,-6.199193109872728e-12,-6.192009859944374e-17,-2000.0000000000023,-1057.1428571428917,-1057.1428571428917,114.0,114.0,114.0,119.98333217576514,123.02845199383758,125.99999999999999,116.82857142857105
135,135.0,-8.509953275622251e-12,6.19913118977412e-12,0.0,942.8571428571105,0.0,1057.1428571428917,-2000.0,-6.199193109872728e-12,-6.192009859944374e-17,-2000.0000000000023,-1057.1428571428917,-1057.1428571428917,114.0,114.0,114.0,119.98333217576514,123.02845199383758,125.99999999999999,116.82857142857105
136,136.0,-8.509953275622251e-12,6.19913118977412e-12,0.0,942.8571428571105,0.0,1057.1428571428917,-2000.0,-6.199193109872728e-12,-6.192009859944374e-17,-2000.0000000000023,-1057.1428571428917,-1057.1428571428917,114.0,114.0,114.0,119.98333217576514,123.02845199383758,125.99999999999999,116.82857142857105
137,137.0,-8.509953275622251e-12,6.19913118977412e-12,0.0,942.8571428571105,0.0,1057.1428571428917,-2000.0,-6.199193109872728e-12,-6.192009859944374e-17,-2000.0000000000023,-1057.1428571428917,-1057.1428571428917,114.0,114.0,114.0,119.98333217576514,123.02845199383758,125.99999999999999,116.82857142857105
138,138.0,-8.509953275622251e-12,6.19913118977412e-12,0.0,942.8571428571105,0.0,1057.1428571428917,-2000.0,-6.199193109872728e-12,-6.192009859944374e-17,-2000.0000000000023,-1057.1428571428917,-1057.1428571428917,114.0,114.0,114.0,119.98333217576514,123.02845199383758,125.99999999999999,116.82857142857105
139,139.0,-8.509953275622251e-12,6.19913118977412e-12,0.0,942.8571428571105,0.0,1057.1428571428917,-2000.0,-6.199193109872728e-12,-6.192009859944374e-17,-2000.0000000000023,-1057.1428571428917,-1057.1428571428917,114.0,114.0,114.0,119.98333217576514,123.02845199383758,125.99999999999999,116.82857142857105
140,140.0,-8.509953275622251e-12,6.19913118977412e-12,0.0,942.8571428571105,0.0,1057.1428571428917,-2000.0,-6.199193109872728e-12,-6.192009859944374e-17,-2000.0000000000023,-1057.1428571428917,-1057.1428571428917,114.0,114.0,114.0,119.98333217576514,123.02845199383758,125.99999999999999,116.82857142857105
141,141.0,-8.509953275622251e-12,6.19913118977412e-12,0.0,942.8571428571105,0.0,1057.1428571428917,-2000.0,-6.199193109872728e-12,-6.192009859944374e-17,-2000.0000000000023,-1057.1428571428917,-1057.1428571428917,114.0,114.0,114.0,119.98333217576514,123.02845199383758,125.99999999999999,116.82857142857105
142,142.0,-8.509953275622251e-12,6.19913118977412e-12,0.0,942.8571428571105,0.0,1057.1428571428917,-2000.0,-6.199193109872728e-12,-6.192009859944374e-17,-2000.0000000000023,-1057.1428571428917,-1057.1428571428917,114.0,114.0,114.0,119.98333217576514,123.02845199383758,125.99999999999999,116.82857142857105
143,143.0,-8.509953275622251e-12,6.19913118977412e-12,0.0,942.8571428571105,0.0,1057.1428571428917,-2000.0,-6.199193109872728e-12,-6.192009859944374e-17,-2000.0000000000023,-1057.1428571428917,-1057.1428571428917,114.0,114.0,114.0,119.98333217576514,123.02845199383758,125.99999999999999,116.82857142857105
144,144.0,-8.509953275622251e-12,6.19913118977412e-12,0.0,942.8571428571105,0.0,1057.1428571428917,-2000.0,-6.199193109872728e-12,-6.192009859944374e-17,-2000.0000000000023,-1057.1428571428917,-1057.1428571428917,114.0,114.0,114.0,119.98333217576514,123.02845199383758,125.99999999999999,116.82857142857105
145,145.0,-8.509953275622251e-12,6.19913118977412e-12,0.0,942.8571428571105,0.0,1057.1428571428917,-2000.0,-6.199193109872728e-12,-6.192009859944374e-17,-2000.0000000000023,-1057.1428571428917,-1057.1428571428917,114.0,114.0,114.0,119.98333217576514,123.02845199383758,125.99999999999999,116.82857142857105
146,146.0,-8.509953275622251e-12,6.19913118977412e-12,0.0,942.8571428571105,0.0,1057.1428571428917,-2000.0,-6.199193109872728e-12,-6.192009859944374e-17,-2000.0000000000023,-1057.1428571428917,-1057.1428571428917,114.0,114.0,114.0,119.98333217576514,123.02845199383758,125.99999999999999,116.82857142857105
147,147.0,-8.509953275622251e-12,6.19913118977412e-12,0.0,942.8571428571105,0.0,1057.1428571428917,-2000.0,-6.199193109872728e-12,-6.192009859944374e-17,-2000.0000000000023,-1057.1428571428917,-1057.1428571428917,114.0,114.0,114.0,119.98333217576514,123.02845199383758,125.99999999999999,116.82857142857105
148,148.0,-8.509953275622251e-12,6.19913118977412e-12,0.0,942.8571428571105,0.0,1057.1428571428917,-2000.0,-6.199193109872728e-12,-6.192009859944374e-17,-2000.0000000000023,-1057.1428571428917,-1057.1428571428917,114.0,114.0,114.0,119.98333217576514,123.02845199383758,125.99999999999999,116.82857142857105
149,149.0,-8.509953275622251e-12,6.19913118977412e-12,0.0,942.8571428571105,0.0,1057.1428571428917,-2000.0,-6.199193109872728e-12,-6.192009859944374e-17,-2000.0000000000023,-1057.1428571428917,-1057.1428571428917,114.0,114.0,114.0,119.98333217576514,123.02845199383758,125.99999999999999,116.82857142857105
150,150.0,-8.509953275622251e-12,6.19913118977412e-12,0.0,942.8571428571105,0.0,1057.1428571428917,-2000.0,-6.199193109872728e-12,-6.192009859944374e-17,-2000.0000000000023,-1057.1428571428917,-1057.1428571428917,114.0,114.0,114.0,119.98333217576514,123.02845199383758,125.99999999999999,116.82857142857105
151,151.0,-8.509953275622251e-12,6.19913118977412e-12,0.0,942.8571428571105,0.0,1057.1428571428917,-2000.0,-6.199193109872728e-12,-6.192009859944374e-17,-2000.0000000000023,-1057.1428571428917,-1057.1428571428917,114.0,114.0,114.0,119.98333217576514,123.02845199383758,125.99999999999999,116.82857142857105
152,152.0,-8.509953275622251e-12,6.19913118977412e-12,0.0,942.8571428571105,0.0,1057.1428571428917,-2000.0,-6.199193109872728e-12,-6.192009859944374e-17,-2000.0000000000023,-1057.1428571428917,-1057.1428571428917,114.0,114.0,114.0,119.98333217576514,123.02845199383758,125.99999999999999,116.82857142857105
153,153.0,-8.509953275622251e-12,6.19913118977412e-12,0.0,942.8571428571105,0.0,1057.1428571428917,-2000.0,-6.199193109872728e-12,-6.192009859944374e-17,-2000.0000000000023,-1057.1428571428917,-1057.1428571428917,114.0,114.0,114.0,119.98333217576514,123.02845199383758,125.99999999999999,116.82857142857105
154,154.0,-8.509953275622251e-12,6.19913118977412e-12,0.0,942.8571428571105,0.0,1057.1428571428917,-2000.0,-6.199193109872728e-12,-6.192009859944374e-17,-2000.0000000000023,-1057.1428571428917,-1057.1428571428917,114.0,114.0,114.0,119.98333217576514,123.02845199383758,125.99999999999999,116.82857142857105
155,155.0,-8.509953275622251e-12,6.19913118977412e-12,0.0,942.8571428571105,0.0,1057.1428571428917,-2000.0,-6.199193109872728e-12,-6.192009859944374e-17,-2000.0000000000023,-1057.1428571428917,-1057.1428571428917,114.0,114.0,114.0,119.98333217576514,123.02845199383758,125.99999999999999,116.82857142857105
156,156.0,-8.509953275622251e-12,6.19913118977412e-12,0.0,942.8571428571105,0.0,1057.1428571428917,-2000.0,-6.199193109872728e-12,-6.192009859944374e-17,-2000.0000000000023,-1057.1428571428917,-1057.1428571428917,114.0,114.0,114.0,119.98333217576514,123.02845199383758,125.99999999999999,116.82857142857105
157,157.0,-8.509953275622251e-12,6.19913118977412e-12,0.0,942.8571428571105,0.0,1057.1428571428917,-2000.0,-6.199193109872728e-12,-6.192009859944374e-17,-2000.0000000000023,-1057.1428571428917,-1057.1428571428917,114.0,114.0,114.0,119.98333217576514,123.02845199383758,125.99999999999999,116.82857142857105
158,158.0,-8.509953275622251e-12,6.19913118977412e-12,0.0,942.8571428571105,0.0,1057.1428571428917,-2000.0,-6.199193109872728e-12,-6.192009859944374e-17,-2000.0000000000023,-1057.1428571428917,-1057.1428571428917,114.0,114.0,114.0,119.98333217576514,123.02845199383758,125.99999999999999,116.82857142857105
159,159.0,-8.509953275622251e-12,6.19913118977412e-12,0.0,942.8571428571105,0.0,1057.1428571428917,-2000.0,-6.199193109872728e-12,-6.192009859944374e-17,-2000.0000000000023,-1057.1428571428917,-1057.1428571428917,114.0,114.0,114.0,119.98333217576514,123.02845199383758,125.99999999999999,116.82857142857105
160,160.0,-4.62940333306348e-09,-4.095264035485066e-07,-2.4273227231493382e-12,1886.9531148379594,0.0,113.04688557619868,-2000.0,4.095288308714976e-07,2.427322927515453e-12,-2000.0000004141582,-113.04688557619868,-113.04688557619868,114.01664988179922,114.0166498805421,114.01664988054209,119.99915187433945,120.32842253791962,120.6567946299232,119.66085933900028
161,161.0,4.620543000348563e-09,7.582470646289637e-07,-1.6264868156312474e-12,1999.9999992371334,0.0,7.280051411363259e-13,-2000.0,-7.582454381421496e-07,1.6264868615899035e-12,-1999.999999237134,-7.282090504680998e-13,-7.28005128016015e-13,114.00992708517641,114.00992708750417,114.00992708750415,119.99276425449084,119.99276425449084,119.99276425449084,120.0000000077581
162,162.0,4.0460662164426564e-12,2.467801578321868e-10,-1.4495500065833043e-12,1999.99999999975,-7.638147433929152e-17,6.624007530885285e-13,-2000.0,-2.4533060804209084e-10,1.4495498265183998e-12,-1999.9999999997506,-6.623243655464323e-13,-6.624007628660346e-13,114.00991991585973,114.0099199158605,114.0099199158605,119.99275744485085,119.99275744485087,119.99275744485087,120.00000000000267
163,163.0,8.538519704107649e-12,-4.636106485222252e-07,-1.4246470935411312e-12,2000.0000004636029,-8.374965453301159e-17,7.20160659020074e-13,-2000.0,4.636120731693822e-07,1.4246472056763727e-12,-2000.0000004636036,-7.200769134201412e-13,-7.201606469283754e-13,114.00991991579237,114.00991991436912,114.00991991436912,119.99275744614964,119.99275744614964,119.99275744614964,119.99999999536426
164,164.0,-4.698314762414946e-13,-2.410640963370703e-07,-1.4672776826468252e-12,2000.0000002410652,0.0,6.873286283713965e-13,-2000.0,2.410655636145417e-07,1.4672775933708207e-12,-2000.000000241066,-6.874919735259299e-13,-6.873285795291842e-13,114.00991991581367,114.00991991507362,114.00991991507362,119.9927574455481,119.9927574455481,119.99275744554811,119.99999999758938
165,165.0,2.7347383526558217e-12,800.0000006101332,-1.6310746045772492e-12,1199.999999389865,-8.677561939310032e-17,6.941453123130599e-13,-2000.0,-800.0000006101316,1.631074630048491e-12,-1199.9999993898657,-6.940585373771235e-13,-6.941453210890533e-13,114.00123486886679,116.43144571829167,116.43144571829166,117.62772441562556,117.62772441562556,117.62772441562556,128.0000000061015
166,166.0,-1.4043328092395307e-05,2000.0000140422799,-2.0389856436231526e-14,1.047191912930627e-09,-5.934856384686024e-15,9.538151361170024e-13,-2000.0,-2000.0000140422799,2.0389454671660105e-14,-1.0481397945752424e-09,-9.478828282714991e-13,-9.538170106039463e-13,114.0141978023072,119.99682208463932,119.99682208463932,114.01419780231042,114.01419780231042,114.01419780231042,139.99999960677633
167,167.0,1.4018245857252024e-05,1999.9999859817535,-1.1912109880436538e-17,1.6292274102799099e-12,0.0,-1.0228889097075708e-12,-2000.0,-1999.9999859817535,1.1915203148628337e-17,-6.063397092086805e-13,1.0228877050487277e-12,1.0228889050839184e-12,114.01418658744012,119.99681134673106,119.99681134673106,114.01418658744012,114.01418658744012,114.01418658744012,140.00000039251086
168,168.0,8.020020864838551e-08,1999.9999999197992,-6.740406584244035e-14,1.6958386509271295e-12,-2.154352295633736e-14,-1.0518246055256514e-12,-2000.0,-1999.9999999197992,6.740406692993683e-14,-6.224705233410285e-13,1.073368131788773e-12,1.0518246066939824e-12,114.01418658775664,119.99681138768551,119.99681138768551,114.01418658775664,114.01418658775663,114.01418658775663,140.00000000224563
169,169.0,1.372682421984378e-05,1999.9999862731752,0.0,1.6427921569795797e-12,0.0,-1.0404831210657032e-12,-2000.0,-1999.9999862731752,-6.514333720710894e-16,-6.032709054526464e-13,1.0395204876739275e-12,1.0404840818878358e-12,114.0141865875581,119.99681134740797,119.99681134740797,114.0141865875581,114.0141865875581,114.0141865875581,140.0000003843511
170,170.0,-2.7834451749707972e-05,2000.0000278344512,-5.222959464526076e-15,1.6470609952699093e-12,0.0,-1.0409254431696965e-12,-2000.0,-2000.0000278344512,5.220934693664665e-15,-6.086572218455544e-13,1.0384053009833438e-12,1.0409268093562693e-12,114.01418658848928,119.99681146951602,119.99681146951602,114.01418658848928,114.01418658848928,114.01418658848927,139.99999922063537
171,171.0,2.7832334128688463e-05,1999.9999721676652,0.0,1.628957228008114e-12,0.0,-1.015457445314822e-12,-2000.0,-1999.9999721676652,-3.4522903358921515e-14,-6.235012506294879e-13,1.0054527728173358e-12,1.0154582979689883e-12,114.0141865872372,119.99681130596457,119.99681130596457,114.0141865872372,114.0141865872372,114.0141865872372,140.00000077930537
172,172.0,-2.7827175680221472e-05,2000.000027827175,0.0,1.6372334456118845e-12,0.0,-1.031197657980048e-12,-2000.0,-2000.000027827175,-6.173377442014257e-15,-6.082807868512674e-13,1.028950289441734e-12,1.031192362315119e-12,114.01418658853748,119.99681147015828,119.99681147015828,114.01418658853748,114.01418658853748,114.01418658853748,139.99999922083907
173,173.0,1.4442026047278844e-10,1999.999999999855,0.0,1.638955622677818e-12,0.0,-1.0377125189281682e-12,-2000.0,-1999.999999999855,-1.3662727806257831e-15,-6.014719972080584e-13,1.0374850796171673e-12,1.0377128379140993e-12,114.01418658785956,119.99681138773126,119.99681138773126,114.01418658785956,114.01418658785954,114.01418658785954,140.00000000000404
174,174.0,1.8601815157670565e-09,1999.9999999981392,-2.1543734019066527e-14,1.6387354094222747e-12,-7.316989038552879e-15,-1.0354948935727893e-12,-2000.0,-1999.9999999981392,2.1542819267062883e-14,-5.959208820849327e-13,1.0428112542535008e-12,1.0354935472389475e-12,114.01418658785994,119.99681138772664,119.99681138772664,114.01418658785995,114.01418658785994,114.01418658785994,140.00000000005207
175,175.0,2.78242284426633e-05,1999.9999721757708,0.0,1.652739296811373e-12,0.0,-1.0210870729850488e-12,-2000.0,-1999.9999721757708,-1.5184914445471353e-14,-6.363017751587208e-13,1.0164344261797527e-12,1.021088549723223e-12,114.01418658723779,119.99681130598509,119.99681130598509,114.01418658723779,114.01418658723779,114.01418658723779,140.0000007790784
176,176.0,5.184632098642616e-10,1999.999999999481,0.0,1.6448291359777262e-12,0.0,-1.0267343779527455e-12,-2000.0,-1999.999999999481,-9.410919025681676e-15,-6.202417052181275e-13,1.0245826581738827e-12,1.0267367018917233e-12,114.01418658786771,119.99681138773828,119.99681138773828,114.01418658786771,114.01418658786771,114.01418658786771,140.00000000001452
177,177.0,-2.7830393867576964e-05,2000.0000278303933,-2.5117300589642598e-14,1.6566171518304053e-12,-7.280560876027798e-15,-1.0422409272954948e-12,-2000.0,-2000.0000278303933,2.511972696770867e-14,-6.070925012702233e-13,1.049529750870474e-12,1.0422476760880384e-12,114.01418658848918,119.9968114695041,119.9968114695041,114.01418658848918,114.01418658848918,114.01418658848918,139.99999922074898
178,178.0,1.4127269016699496e-05,1999.9999858727303,0.0,1.6610437427069326e-12,-4.854146429528879e-18,-1.0379518662254725e-12,-2000.0,-1999.9999858727303,-2.813366904861566e-18,-6.230870210250945e-13,1.0379567174591443e-12,1.0379518660045032e-12,114.01418658743766,119.99681134641074,119.99681134641074,114.01418658743766,114.01418658743766,114.01418658743765,140.00000039556357
179,179.0,-1.412213733160278e-05,2000.0000141221367,-3.025067302064148e-15,1.6436879712388034e-12,0.0,-1.0411882416205383e-12,-2000.0,-2000.0000141221367,3.0259910479523647e-15,-6.038763239457623e-13,1.0398101272482117e-12,1.0411936232665608e-12,114.01418658817927,119.99681142922614,119.99681142922614,114.01418658817927,114.01418658817927,114.01418658817927,139.99999960458015
180,180.0,2.782843756329173e-05,1999.999972171562,-7.668720889711266e-15,1.6438790936219307e-12,-1.8078655042297617e-15,-1.0308314515069831e-12,-2000.0,-1999.999972171562,7.667976973694283e-15,-6.112419598247598e-13,1.0326339143471505e-12,1.030827908019327e-12,114.01418658675185,119.9968113069763,119.9968113069763,114.01418658675185,114.01418658675183,114.01418658675183,140.00000077919626
181,181.0,3.7229996863175074e-10,1999.999999999627,-5.48499268511923e-15,1.646027683085465e-12,-3.91319688771665e-15,-1.037164072276062e-12,-2000.0,-1999.999999999627,5.48550260503373e-15,-6.04948383053916e-13,1.0410798518949142e-12,1.037162733247123e-12,114.01418658786828,119.99681138773926,119.99681138773926,114.01418658786828,114.01418658786828,114.01418658786828,140.00000000001043
182,182.0,-1.375742741962481e-05,2000.0000137574268,-1.702345140918415e-14,1.649923648665475e-12,-9.537738753698541e-18,-1.0456324937367254e-12,-2000.0,-2000.0000137574268,1.7023447717282223e-14,-6.042816258228917e-13,1.0456420209779542e-12,1.0456324847597991e-12,114.01418658806958,119.99681142834368,119.99681142834368,114.01418658806958,114.01418658806958,114.01418658806958,139.99999961479202
183,183.0,1.3757083038988538e-05,1999.9999862429163,0.0,1.641237040503447e-12,0.0,-1.0312046117552548e-12,-2000.0,-1999.9999862429163,-5.6924169225487284e-15,-6.133323016133119e-13,1.0279045526335049e-12,1.0312038502940378e-12,114.01418658755595,119.9968113473207,119.9968113473207,114.01418658755595,114.01418658755595,114.01418658755595,140.00000038519832
184,184.0,-2.539565325393456e-09,2000.000000002539,-3.695730707203977e-14,1.6714903612102281e-12,-1.0002518925583954e-14,-1.0498201859654505e-12,-2000.0,-2000.0000000025389,3.6957689206864264e-14,-6.116634976294222e-13,1.0598240554805002e-12,1.0498215491343886e-12,114.01418658786797,119.99681138775112,119.99681138775112,114.01418658786797,114.01418658786797,114.01418658786797,139.99999999992892
185,185.0,9.042868537312287e-10,1999.999999999095,-1.5825744226987395e-14,1.650264986522595e-12,-4.286627722600284e-15,-1.0407416721900105e-12,-2000.0,-1999.999999999095,1.5822673268088807e-14,-6.052311429805002e-13,1.04503208124053e-12,1.0407465500396817e-12,114.0141865878677,119.99681138773714,119.99681138773714,114.0141865878677,114.0141865878677,114.0141865878677,140.00000000002532
186,186.0,1.1605789246305065e-10,1999.9999999998834,0.0,1.6247272114357187e-12,0.0,-1.011553632656598e-12,-2000.0,-1999.9999999998834,-3.297895270655782e-14,-6.231092031239172e-13,1.0016217666792746e-12,1.0115496631708534e-12,114.01418658786886,119.99681138774055,119.99681138774055,114.01418658786888,114.01418658786886,114.01418658786886,140.00000000000324
187,187.0,-2.7822909125833906e-05,2000.0000278229086,-1.9405684578604947e-14,1.6504941635975321e-12,-8.793247943582131e-15,-1.0420960524649182e-12,-2000.0,-2000.0000278229086,1.940920069936501e-14,-5.996054347479074e-13,1.0508897574067253e-12,1.0420952091972545e-12,114.01418658848901,119.99681146948211,119.99681146948211,114.01418658848903,114.01418658848901,114.01418658848901,139.99999922095853
188,188.0,2.7824275405066018e-05,1999.999972175724,0.0,1.6338778003133363e-12,0.0,-1.0284838764006243e-12,-2000.0,-1999.999972175724,-2.630302171529662e-14,-6.153254988872092e-13,1.0185535668894062e-12,1.0284848189371353e-12,114.01418658723836,119.99681130598549,119.99681130598549,114.01418658723836,114.01418658723836,114.01418658723836,140.00000077907973
189,189.0,-3.0629687362837554e-09,2000.0000000030623,0.0,1.634064662170353e-12,0.0,-1.0138801488660543e-12,-2000.0,-2000.0000000030623,-1.709513322446525e-14,-6.272569269549777e-13,1.0068102756167445e-12,1.0138818519432316e-12,114.01418658786835,119.99681138774933,119.99681138774933,114.01418658786835,114.01418658786835,114.01418658786835,139.99999999991425
190,190.0,-2.7827712686001593e-05,2000.000027827712,0.0,1.6317877621797228e-12,0.0,-1.0249101577383219e-12,-2000.0,-2000.000027827712,-1.80658623476647e-14,-6.105740912865087e-13,1.02121143318976e-12,1.024912589421677e-12,114.01418658848957,119.99681146949663,119.99681146949663,114.01418658848957,114.01418658848957,114.01418658848955,139.99999922082404
191,191.0,2.783258064939856e-05,1999.9999721674187,-2.1555065185362424e-14,1.6524480732378995e-12,-7.666848155196099e-15,-1.0419229770496893e-12,-2000.0,-1999.9999721674187,2.1554865321486247e-14,-6.02852837094936e-13,1.049594170913327e-12,1.0419287968176467e-12,114.01418658675117,119.99681130696356,119.99681130696356,114.01418658675117,114.01418658675117,114.01418658675117,140.00000077931227
192,192.0,3.4033392770638216e-10,1999.9999999996592,-2.197290194252453e-14,1.6505499417407226e-12,-6.1742899405220504e-15,-1.0401418350169049e-12,-2000.0,-1999.9999999996592,2.1973043578000905e-14,-6.042371464287655e-13,1.046313640568481e-12,1.0401378311594058e-12,114.01418658786828,119.99681138773934,119.99681138773934,114.01418658786828,114.01418658786828,114.01418658786828,140.00000000000952
193,193.0,-2.7829291331698397e-05,2000.0000278292907,-6.023223084175488e-15,1.6407733308539372e-12,-2.6585190042907673e-15,-1.0290267638667585e-12,-2000.0,-2000.0000278292907,6.02658731657179e-15,-6.090874332675966e-13,1.0316884280814089e-12,1.0290278841053123e-12,114.01418658800156,119.99681147050455,119.99681147050455,114.01418658800158,114.01418658800156,114.01418658800156,139.99999922077984
194,194.0,2.7827938004973407e-05,1999.9999721720615,0.0,1.6466715763214297e-12,0.0,-1.0270352069276129e-12,-2000.0,-1999.9999721720615,-7.468302880321462e-15,-6.209407987789461e-13,1.025730043577253e-12,1.0270382042267407e-12,114.01418658723827,119.99681130597473,119.99681130597473,114.01418658723827,114.01418658723827,114.01418658723827,140.00000077918224
195,195.0,-2.7827223397405842e-05,2000.0000278272228,-1.4679525936365608e-14,1.6562532659853394e-12,-6.276521296130689e-15,-1.0475356127516278e-12,-2000.0,-2000.0000278272228,1.4680187008891237e-14,-6.024399729076535e-13,1.0538125439153355e-12,1.0475371102044966e-12,114.014186588001,119.99681147050165,119.99681147050165,114.014186588001,114.014186588001,114.014186588001,139.99999922083776
196,196.0,2.7823900827200765e-05,1999.9999721760985,-1.5892668927922642e-14,1.6574040800501106e-12,-6.1729515146812244e-15,-1.0439916752388844e-12,-2000.0,-1999.9999721760985,1.5890551411726513e-14,-6.072347485952534e-13,1.0501652723368333e-12,1.0439937604520226e-12,114.01418658723837,119.9968113059866,119.9968113059866,114.01418658723837,114.01418658723837,114.01418658723837,140.0000007790692
197,197.0,5.436002203755563e-07,1999.999999456399,-3.6096846631442985e-15,1.6404699433197885e-12,-1.7995893552844615e-15,-1.0349435214670278e-12,-2000.0,-1999.999999456399,3.613442991547887e-15,-6.037306071737802e-13,1.03674090812191e-12,1.0349410644022947e-12,114.01418658777901,119.99681138668774,119.99681138668774,114.01418658777901,114.01418658777901,114.014186587779,140.00000001522082
198,198.0,-5.425991394004959e-07,2000.0000005425984,0.0,1.6416548137592198e-12,0.0,-1.0307728299363969e-12,-2000.0,-2000.0000005425986,-1.6257509678794073e-14,-6.168780763982085e-13,1.0247770202045094e-12,1.0307741167141163e-12,114.01418658788116,119.99681138933519,119.99681138933519,114.01418658788116,114.01418658788116,114.01418658788116,139.9999999848072
199,199.0,-2.782745960257238e-05,2000.000027827459,-4.796730562326074e-14,1.6688306074568913e-12,-1.7549891630792206e-14,-1.0509301817910033e-12,-2000.0,-2000.000027827459,4.7969176364955674e-14,-6.003461616721495e-13,1.068484771917346e-12,1.0509333960608324e-12,114.01418658848955,119.99681146949588,119.99681146949588,114.01418658848955,114.01418658848955,114.01418658848955,139.99999922083117
200,200.0,2.782905530626656e-05,1999.9999721709441,-1.6749588379051732e-14,1.6459255775244362e-12,-2.942083637334267e-15,-1.0301009448415074e-12,-2000.0,-1999.9999721709441,1.6749475134981135e-14,-6.128830082330339e-13,1.033043890213949e-12,1.0301004382401545e-12,114.01418658723729,119.99681130597422,119.99681130597422,114.01418658723729,114.01418658723729,114.01418658723729,140.00000077921356
201,201.0,-1.3807606917776593e-05,2000.0000138076064,-1.2194282478604835e-17,1.6447510499950994e-12,-5.054596718626089e-18,-1.0331361552692229e-12,-2000.0,-2000.0000138076064,1.2189309953973154e-17,-6.116098465625431e-13,1.033141210482459e-12,1.0331361528917743e-12,114.01418658807044,119.99681142849087,119.99681142849087,114.01418658807044,114.01418658807044,114.01418658807044,139.99999961338702
202,202.0,8.020020864838551e-08,1999.9999999197992,-6.740406584244035e-14,1.6958386509271295e-12,-2.154352295633736e-14,-1.0518246055256514e-12,-2000.0,-1999.9999999197992,6.740406692993683e-14,-6.224705233410285e-13,1.073368131788773e-12,1.0518246066939824e-12,114.01418658775664,119.99681138768551,119.99681138768551,114.01418658775664,114.01418658775663,114.01418658775663,140.00000000224563
203,203.0,1.372682421984378e-05,1999.9999862731752,0.0,1.6427921569795797e-12,0.0,-1.0404831210657032e-12,-2000.0,-1999.9999862731752,-6.514333720710894e-16,-6.032709054526464e-13,1.0395204876739275e-12,1.0404840818878358e-12,114.0141865875581,119.99681134740797,119.99681134740797,114.0141865875581,114.0141865875581,114.0141865875581,140.0000003843511
204,204.0,-2.7834451749707972e-05,2000.0000278344512,-5.222959464526076e-15,1.6470609952699093e-12,0.0,-1.0409254431696965e-12,-2000.0,-2000.0000278344512,5.220934693664665e-15,-6.086572218455544e-13,1.0384053009833438e-12,1.0409268093562693e-12,114.01418658848928,119.99681146951602,119.99681146951602,114.01418658848928,114.01418658848928,114.01418658848927,139.99999922063537
205,205.0,2.7832334128688463e-05,1999.9999721676652,0.0,1.628957228008114e-12,0.0,-1.015457445314822e-12,-2000.0,-1999.9999721676652,-3.4522903358921515e-14,-6.235012506294879e-13,1.0054527728173358e-12,1.0154582979689883e-12,114.0141865872372,119.99681130596457,119.99681130596457,114.0141865872372,114.0141865872372,114.0141865872372,140.00000077930537
206,206.0,-2.7827175680221472e-05,2000.000027827175,0.0,1.6372334456118845e-12,0.0,-1.031197657980048e-12,-2000.0,-2000.000027827175,-6.173377442014257e-15,-6.082807868512674e-13,1.028950289441734e-12,1.031192362315119e-12,114.01418658853748,119.99681147015828,119.99681147015828,114.01418658853748,114.01418658853748,114.01418658853748,139.99999922083907
207,207.0,1.4442026047278844e-10,1999.999999999855,0.0,1.638955622677818e-12,0.0,-1.0377125189281682e-12,-2000.0,-1999.999999999855,-1.3662727806257831e-15,-6.014719972080584e-13,1.0374850796171673e-12,1.0377128379140993e-12,114.01418658785956,119.99681138773126,119.99681138773126,114.01418658785956,114.01418658785954,114.01418658785954,140.00000000000404
208,208.0,1.8601815157670565e-09,1999.9999999981392,-2.1543734019066527e-14,1.6387354094222747e-12,-7.316989038552879e-15,-1.0354948935727893e-12,-2000.0,-1999.9999999981392,2.1542819267062883e-14,-5.959208820849327e-13,1.0428112542535008e-12,1.0354935472389475e-12,114.01418658785994,119.99681138772664,119.99681138772664,114.01418658785995,114.01418658785994,114.01418658785994,140.00000000005207
209,209.0,2.78242284426633e-05,1999.9999721757708,0.0,1.652739296811373e-12,0.0,-1.0210870729850488e-12,-2000.0,-1999.9999721757708,-1.5184914445471353e-14,-6.363017751587208e-13,1.0164344261797527e-12,1.021088549723223e-12,114.01418658723779,119.99681130598509,119.99681130598509,114.01418658723779,114.01418658723779,114.01418658723779,140.0000007790784
210,210.0,5.184632098642616e-10,1999.999999999481,0.0,1.6448291359777262e-12,0.0,-1.0267343779527455e-12,-2000.0,-1999.999999999481,-9.410919025681676e-15,-6.202417052181275e-13,1.0245826581738827e-12,1.0267367018917233e-12,114.01418658786771,119.99681138773828,119.99681138773828,114.01418658786771,114.01418658786771,114.01418658786771,140.00000000001452
211,211.0,-2.7830393867576964e-05,2000.0000278303933,-2.5117300589642598e-14,1.6566171518304053e-12,-7.280560876027798e-15,-1.0422409272954948e-12,-2000.0,-2000.0000278303933,2.511972696770867e-14,-6.070925012702233e-13,1.049529750870474e-12,1.0422476760880384e-12,114.01418658848918,119.9968114695041,119.9968114695041,114.01418658848918,114.01418658848918,114.01418658848918,139.99999922074898
212,212.0,1.4127269016699496e-05,1999.9999858727303,0.0,1.6610437427069326e-12,-4.854146429528879e-18,-1.0379518662254725e-12,-2000.0,-1999.9999858727303,-2.813366904861566e-18,-6.230870210250945e-13,1.0379567174591443e-12,1.0379518660045032e-12,114.01418658743766,119.99681134641074,119.99681134641074,114.01418658743766,114.01418658743766,114.01418658743765,140.00000039556357
213,213.0,-1.412213733160278e-05,2000.0000141221367,-3.025067302064148e-15,1.6436879712388034e-12,0.0,-1.0411882416205383e-12,-2000.0,-2000.0000141221367,3.0259910479523647e-15,-6.038763239457623e-13,1.0398101272482117e-12,1.0411936232665608e-12,114.01418658817927,119.99681142922614,119.99681142922614,114.01418658817927,114.01418658817927,114.01418658817927,139.99999960458015
214,214.0,1600.0000142992242,399.9999857007786,-1.861735913196462e-12,-1.750980995045603e-12,-6.2347055516942955e-18,7.218351212490224e-13,-2000.0,-399.99998570077673,1.8617359132262207e-12,1.029152108509524e-12,-7.218288864330199e-13,-7.218351211695274e-13,114.00217583548189,115.22367849194312,115.22367849194312,114.00217583548189,114.00217583548189,114.00217583548189,184.80000040037837
215,215.0,1999.9999999975344,0.0,0.0,7.821370218152879e-10,0.0,1.7783463590603787e-10,-1999.9999999999998,-1.1826841728179716e-09,-4.5554315875051543e-10,-1.2830696505261585e-09,-5.00961050420301e-10,-1.7789147932489868e-10,114.0,114.0,114.00000000000153,114.0,114.0000000000017,114.00000000000219,195.99999999981546
216,216.0,1999.9999999975348,0.0,0.0,0.0,0.0,0.0,-2000.0,-1.1839347280329093e-09,-4.525304575508926e-10,-1.2815917216357775e-09,-4.953903953719418e-10,-1.7062973256543046e-10,114.0,114.00000000000261,114.0000000000042,114.0000000000025,114.00000000000432,114.0000000000048,195.99999999975842
217,217.0,1999.9999999975348,0.0,0.0,0.0,0.0,0.0,-2000.0,-1.1839347280329093e-09,-4.525304575508926e-10,-1.2815917216357775e-09,-4.953903953719418e-10,-1.7062973256543046e-10,114.0,114.00000000000261,114.0000000000042,114.0000000000025,114.00000000000432,114.0000000000048,195.99999999975842
218,218.0,1999.9999999975348,0.0,0.0,0.0,0.0,0.0,-2000.0,-1.1839347280329093e-09,-4.525304575508926e-10,-1.2815917216357775e-09,-4.953903953719418e-10,-1.7062973256543046e-10,114.0,114.00000000000261,114.0000000000042,114.0000000000025,114.00000000000432,114.0000000000048,195.99999999975842
219,219.0,1999.9999999975348,0.0,0.0,0.0,0.0,0.0,-2000.0,-1.1839347280329093e-09,-4.525304575508926e-10,-1.2815917216357775e-09,-4.953903953719418e-10,-1.7062973256543046e-10,114.0,114.00000000000261,114.0000000000042,114.0000000000025,114.00000000000432,114.0000000000048,195.99999999975842
220,220.0,1999.9999999975348,0.0,0.0,0.0,0.0,0.0,-2000.0,-1.1839347280329093e-09,-4.525304575508926e-10,-1.2815917216357775e-09,-4.953903953719418e-10,-1.7062973256543046e-10,114.0,114.00000000000261,114.0000000000042,114.0000000000025,114.00000000000432,114.0000000000048,195.99999999975842
221,221.0,1999.9999999975348,0.0,0.0,0.0,0.0,0.0,-2000.0,-1.1839347280329093e-09,-4.525304575508926e-10,-1.2815917216357775e-09,-4.953903953719418e-10,-1.7062973256543046e-10,114.0,114.00000000000261,114.0000000000042,114.0000000000025,114.00000000000432,114.0000000000048,195.99999999975842
222,222.0,1999.9999999975348,0.0,0.0,0.0,0.0,0.0,-2000.0,-1.1839347280329093e-09,-4.525304575508926e-10,-1.2815917216357775e-09,-4.953903953719418e-10,-1.7062973256543046e-10,114.0,114.00000000000261,114.0000000000042,114.0000000000025,114.00000000000432,114.0000000000048,195.99999999975842
223,223.0,1999.9999999975348,0.0,0.0,0.0,0.0,0.0,-2000.0,-1.1839347280329093e-09,-4.525304575508926e-10,-1.2815917216357775e-09,-4.953903953719418e-10,-1.7062973256543046e-10,114.0,114.00000000000261,114.0000000000042,114.0000000000025,114.00000000000432,114.0000000000048,195.99999999975842
224,224.0,1999.9999999975348,0.0,0.0,0.0,0.0,0.0,-2000.0,-1.1839347280329093e-09,-4.525304575508926e-10,-1.2815917216357775e-09,-4.953903953719418e-10,-1.7062973256543046e-10,114.0,114.00000000000261,114.0000000000042,114.0000000000025,114.00000000000432,114.0000000000048,195.99999999975842
225,225.0,1999.9999999975348,0.0,0.0,0.0,0.0,0.0,-2000.0,-1.1839347280329093e-09,-4.525304575508926e-10,-1.2815917216357775e-09,-4.953903953719418e-10,-1.7062973256543046e-10,114.0,114.00000000000261,114.0000000000042,114.0000000000025,114.00000000000432,114.0000000000048,195.99999999975842
226,226.0,1999.9999999975348,0.0,0.0,0.0,0.0,0.0,-2000.0,-1.1839347280329093e-09,-4.525304575508926e-10,-1.2815917216357775e-09,-4.953903953719418e-10,-1.7062973256543046e-10,114.0,114.00000000000261,114.0000000000042,114.0000000000025,114.00000000000432,114.0000000000048,195.99999999975842
227,227.0,1999.9999999975348,0.0,0.0,0.0,0.0,0.0,-2000.0,-1.1839347280329093e-09,-4.525304575508926e-10,-1.2815917216357775e-09,-4.953903953719418e-10,-1.7062973256543046e-10,114.0,114.00000000000261,114.0000000000042,114.0000000000025,114.00000000000432,114.0000000000048,195.99999999975842
228,228.0,1999.9999999975348,0.0,0.0,0.0,0.0,0.0,-2000.0,-1.1839347280329093e-09,-4.525304575508926e-10,-1.2815917216357775e-09,-4.953903953719418e-10,-1.7062973256543046e-10,114.0,114.00000000000261,114.0000000000042,114.0000000000025,114.00000000000432,114.0000000000048,195.99999999975842
229,229.0,1999.9999999975348,0.0,0.0,0.0,0.0,0.0,-2000.0,-1.1839347280329093e-09,-4.525304575508926e-10,-1.2815917216357775e-09,-4.953903953719418e-10,-1.7062973256543046e-10,114.0,114.00000000000261,114.0000000000042,114.0000000000025,114.00000000000432,114.0000000000048,195.99999999975842
230,230.0,1999.9999999975348,0.0,0.0,0.0,0.0,0.0,-2000.0,-1.1839347280329093e-09,-4.525304575508926e-10,-1.2815917216357775e-09,-4.953903953719418e-10,-1.7062973256543046e-10,114.0,114.00000000000261,114.0000000000042,114.0000000000025,114.00000000000432,114.0000000000048,195.99999999975842
231,231.0,1999.9999999975348,0.0,0.0,0.0,0.0,0.0,-2000.0,-1.1839347280329093e-09,-4.525304575508926e-10,-1.2815917216357775e-09,-4.953903953719418e-10,-1.7062973256543046e-10,114.0,114.00000000000261,114.0000000000042,114.0000000000025,114.00000000000432,114.0000000000048,195.99999999975842
232,232.0,1999.9999999975348,0.0,0.0,0.0,0.0,0.0,-2000.0,-1.1839347280329093e-09,-4.525304575508926e-10,-1.2815917216357775e-09,-4.953903953719418e-10,-1.7062973256543046e-10,114.0,114.00000000000261,114.0000000000042,114.0000000000025,114.00000000000432,114.0000000000048,195.99999999975842
233,233.0,1999.9999999975348,0.0,0.0,0.0,0.0,0.0,-2000.0,-1.1839347280329093e-09,-4.525304575508926e-10,-1.2815917216357775e-09,-4.953903953719418e-10,-1.7062973256543046e-10,114.0,114.00000000000261,114.0000000000042,114.0000000000025,114.00000000000432,114.0000000000048,195.99999999975842
234,234.0,1999.9999999975348,0.0,0.0,0.0,0.0,0.0,-2000.0,-1.1839347280329093e-09,-4.525304575508926e-10,-1.2815917216357775e-09,-4.953903953719418e-10,-1.7062973256543046e-10,114.0,114.00000000000261,114.0000000000042,114.0000000000025,114.00000000000432,114.0000000000048,195.99999999975842
235,235.0,1999.9999999975348,0.0,0.0,0.0,0.0,0.0,-2000.0,-1.1839347280329093e-09,-4.525304575508926e-10,-1.2815917216357775e-09,-4.953903953719418e-10,-1.7062973256543046e-10,114.0,114.00000000000261,114.0000000000042,114.0000000000025,114.00000000000432,114.0000000000048,195.99999999975842
236,236.0,1999.9999999975348,0.0,0.0,0.0,0.0,0.0,-2000.0,-1.1839347280329093e-09,-4.525304575508926e-10,-1.2815917216357775e-09,-4.953903953719418e-10,-1.7062973256543046e-10,114.0,114.00000000000261,114.0000000000042,114.0000000000025,114.00000000000432,114.0000000000048,195.99999999975842
237,237.0,1999.9999999975348,0.0,0.0,0.0,0.0,0.0,-2000.0,-1.1839347280329093e-09,-4.525304575508926e-10,-1.2815917216357775e-09,-4.953903953719418e-10,-1.7062973256543046e-10,114.0,114.00000000000261,114.0000000000042,114.0000000000025,114.00000000000432,114.0000000000048,195.99999999975842
238,238.0,1999.9999999975348,0.0,0.0,0.0,0.0,0.0,-2000.0,-1.1839347280329093e-09,-4.525304575508926e-10,-1.2815917216357775e-09,-4.953903953719418e-10,-1.7062973256543046e-10,114.0,114.00000000000261,114.0000000000042,114.0000000000025,114.00000000000432,114.0000000000048,195.99999999975842
239,239.0,1999.9999999975348,0.0,0.0,0.0,0.0,0.0,-2000.0,-1.1839347280329093e-09,-4.525304575508926e-10,-1.2815917216357775e-09,-4.953903953719418e-10,-1.7062973256543046e-10,114.0,114.00000000000261,114.0000000000042,114.0000000000025,114.00000000000432,114.0000000000048,195.99999999975842
240,240.0,1999.9999999975348,0.0,0.0,0.0,0.0,0.0,-2000.0,-1.1839347280329093e-09,-4.525304575508926e-10,-1.2815917216357775e-09,-4.953903953719418e-10,-1.7062973256543046e-10,114.0,114.00000000000261,114.0000000000042,114.0000000000025,114.00000000000432,114.0000000000048,195.99999999975842
241,241.0,1999.9999999975348,0.0,0.0,0.0,0.0,0.0,-2000.0,-1.1839347280329093e-09,-4.525304575508926e-10,-1.2815917216357775e-09,-4.953903953719418e-10,-1.7062973256543046e-10,114.0,114.00000000000261,114.0000000000042,114.0000000000025,114.00000000000432,114.0000000000048,195.99999999975842
242,242.0,1999.9999999975348,0.0,0.0,0.0,0.0,0.0,-2000.0,-1.1839347280329093e-09,-4.525304575508926e-10,-1.2815917216357775e-09,-4.953903953719418e-10,-1.7062973256543046e-10,114.0,114.00000000000261,114.0000000000042,114.0000000000025,114.00000000000432,114.0000000000048,195.99999999975842
243,243.0,1999.9999999975348,0.0,0.0,0.0,0.0,0.0,-2000.0,-1.1839347280329093e-09,-4.525304575508926e-10,-1.2815917216357775e-09,-4.953903953719418e-10,-1.7062973256543046e-10,114.0,114.00000000000261,114.0000000000042,114.0000000000025,114.00000000000432,114.0000000000048,195.99999999975842
244,244.0,1999.9999999975348,0.0,0.0,0.0,0.0,0.0,-2000.0,-1.1839347280329093e-09,-4.525304575508926e-10,-1.2815917216357775e-09,-4.953903953719418e-10,-1.7062973256543046e-10,114.0,114.00000000000261,114.0000000000042,114.0000000000025,114.00000000000432,114.0000000000048,195.99999999975842
245,245.0,1999.9999999975348,0.0,0.0,0.0,0.0,0.0,-2000.0,-1.1839347280329093e-09,-4.525304575508926e-10,-1.2815917216357775e-09,-4.953903953719418e-10,-1.7062973256543046e-10,114.0,114.00000000000261,114.0000000000042,114.0000000000025,114.00000000000432,114.0000000000048,195.99999999975842
246,246.0,1999.9999999975348,0.0,0.0,0.0,0.0,0.0,-2000.0,-1.1839347280329093e-09,-4.525304575508926e-10,-1.2815917216357775e-09,-4.953903953719418e-10,-1.7062973256543046e-10,114.0,114.00000000000261,114.0000000000042,114.0000000000025,114.00000000000432,114.0000000000048,195.99999999975842
247,247.0,1999.9999999975348,0.0,0.0,0.0,0.0,0.0,-2000.0,-1.1839347280329093e-09,-4.525304575508926e-10,-1.2815917216357775e-09,-4.953903953719418e-10,-1.7062973256543046e-10,114.0,114.00000000000261,114.0000000000042,114.0000000000025,114.00000000000432,114.0000000000048,195.99999999975842
248,248.0,1999.9999999975348,0.0,0.0,0.0,0.0,0.0,-2000.0,-1.1839347280329093e-09,-4.525304575508926e-10,-1.2815917216357775e-09,-4.953903953719418e-10,-1.7062973256543046e-10,114.0,114.00000000000261,114.0000000000042,114.0000000000025,114.00000000000432,114.0000000000048,195.99999999975842
249,249.0,1999.9999999975348,0.0,0.0,0.0,0.0,0.0,-2000.0,-1.1839347280329093e-09,-4.525304575508926e-10,-1.2815917216357775e-09,-4.953903953719418e-10,-1.7062973256543046e-10,114.0,114.00000000000261,114.0000000000042,114.0000000000025,114.00000000000432,114.0000000000048,195.99999999975842
250,250.0,1999.9999999975348,0.0,0.0,0.0,0.0,0.0,-2000.0,-1.1839347280329093e-09,-4.525304575508926e-10,-1.2815917216357775e-09,-4.953903953719418e-10,-1.7062973256543046e-10,114.0,114.00000000000261,114.0000000000042,114.0000000000025,114.00000000000432,114.0000000000048,195.99999999975842
251,251.0,1999.9999999975348,0.0,0.0,0.0,0.0,0.0,-2000.0,-1.1839347280329093e-09,-4.525304575508926e-10,-1.2815917216357775e-09,-4.953903953719418e-10,-1.7062973256543046e-10,114.0,114.00000000000261,114.0000000000042,114.0000000000025,114.00000000000432,114.0000000000048,195.99999999975842
252,252.0,1999.9999999975348,0.0,0.0,0.0,0.0,0.0,-2000.0,-1.1839347280329093e-09,-4.525304575508926e-10,-1.2815917216357775e-09,-4.953903953719418e-10,-1.7062973256543046e-10,114.0,114.00000000000261,114.0000000000042,114.0000000000025,114.00000000000432,114.0000000000048,195.99999999975842
253,253.0,1999.9999999975348,0.0,0.0,0.0,0.0,0.0,-2000.0,-1.1839347280329093e-09,-4.525304575508926e-10,-1.2815917216357775e-09,-4.953903953719418e-10,-1.7062973256543046e-10,114.0,114.00000000000261,114.0000000000042,114.0000000000025,114.00000000000432,114.0000000000048,195.99999999975842
254,254.0,1999.9999999975348,0.0,0.0,0.0,0.0,0.0,-2000.0,-1.1839347280329093e-09,-4.525304575508926e-10,-1.2815917216357775e-09,-4.953903953719418e-10,-1.7062973256543046e-10,114.0,114.00000000000261,114.0000000000042,114.0000000000025,114.00000000000432,114.0000000000048,195.99999999975842
255,255.0,1999.9999999975348,0.0,0.0,0.0,0.0,0.0,-2000.0,-1.1839347280329093e-09,-4.525304575508926e-10,-1.2815917216357775e-09,-4.953903953719418e-10,-1.7062973256543046e-10,114.0,114.00000000000261,114.0000000000042,114.0000000000025,114.00000000000432,114.0000000000048,195.99999999975842
256,256.0,1999.9999999975348,0.0,0.0,0.0,0.0,0.0,-2000.0,-1.1839347280329093e-09,-4.525304575508926e-10,-1.2815917216357775e-09,-4.953903953719418e-10,-1.7062973256543046e-10,114.0,114.00000000000261,114.0000000000042,114.0000000000025,114.00000000000432,114.0000000000048,195.99999999975842
257,257.0,1999.9999999975348,0.0,0.0,0.0,0.0,0.0,-2000.0,-1.1839347280329093e-09,-4.525304575508926e-10,-1.2815917216357775e-09,-4.953903953719418e-10,-1.7062973256543046e-10,114.0,114.00000000000261,114.0000000000042,114.0000000000025,114.00000000000432,114.0000000000048,195.99999999975842
258,258.0,1999.9999999975348,0.0,0.0,0.0,0.0,0.0,-2000.0,-1.1839347280329093e-09,-4.525304575508926e-10,-1.2815917216357775e-09,-4.953903953719418e-10,-1.7062973256543046e-10,114.0,114.00000000000261,114.0000000000042,114.0000000000025,114.00000000000432,114.0000000000048,195.99999999975842
259,259.0,1999.9999999975348,0.0,0.0,0.0,0.0,0.0,-2000.0,-1.1839347280329093e-09,-4.525304575508926e-10,-1.2815917216357775e-09,-4.953903953719418e-10,-1.7062973256543046e-10,114.0,114.00000000000261,114.0000000000042,114.0000000000025,114.00000000000432,114.0000000000048,195.99999999975842
260,260.0,1999.9999999975348,0.0,0.0,0.0,0.0,0.0,-2000.0,-1.1839347280329093e-09,-4.525304575508926e-10,-1.2815917216357775e-09,-4.953903953719418e-10,-1.7062973256543046e-10,114.0,114.00000000000261,114.0000000000042,114.0000000000025,114.00000000000432,114.0000000000048,195.99999999975842
261,261.0,1999.9999999975348,0.0,0.0,0.0,0.0,0.0,-2000.0,-1.1839347280329093e-09,-4.525304575508926e-10,-1.2815917216357775e-09,-4.953903953719418e-10,-1.7062973256543046e-10,114.0,114.00000000000261,114.0000000000042,114.0000000000025,114.00000000000432,114.0000000000048,195.99999999975842
262,262.0,1600.1184165846491,-1.1895174500446599e-14,-3.7664401834159637e-14,-6.248553948331124e-10,-8.290623163680644e-15,-1.4506233561319591e-10,-1600.1184165838813,-1.4382466218147723e-12,-6.428837865156261e-13,7.692526651220695e-10,1.443680605314048e-10,1.4513093734182754e-10,114.00000000000345,114.00000000000344,114.00000000000342,114.00000000000108,114.00000000000061,114.00000000000018,156.81160482524987
263,263.0,-1.18983631266978e-15,-4.564918883308617e-15,-3.207807702573241e-16,-2.4899201664210473e-15,-4.2147432733812504e-14,-4.341424269351647e-15,-9.228320398209692e-12,-2.452501311221233e-12,-1.013312675055612e-12,-2.605443690991559e-12,-1.0171884047184102e-12,-5.135049813744351e-13,114.0,114.0,114.0,114.0,114.0,114.0,-2.107051078933643e-15
264,264.0,-1.18983631266978e-15,-4.564918883308617e-15,-3.207807702573241e-16,-2.4899201664210473e-15,-4.2147432733812504e-14,-4.341424269351647e-15,-9.228320398209692e-12,-2.452501311221233e-12,-1.013312675055612e-12,-2.605443690991559e-12,-1.0171884047184102e-12,-5.135049813744351e-13,114.0,114.0,114.0,114.0,114.0,114.0,-2.107051078933643e-15
265,265.0,-1.18983631266978e-15,-4.564918883308617e-15,-3.207807702573241e-16,-2.4899201664210473e-15,-4.2147432733812504e-14,-4.341424269351647e-15,-9.228320398209692e-12,-2.452501311221233e-12,-1.013312675055612e-12,-2.605443690991559e-12,-1.0171884047184102e-12,-5.135049813744351e-13,114.0,114.0,114.0,114.0,114.0,114.0,-2.107051078933643e-15
266,266.0,-1.18983631266978e-15,-4.564918883308617e-15,-3.207807702573241e-16,-2.4899201664210473e-15,-4.2147432733812504e-14,-4.341424269351647e-15,-9.228320398209692e-12,-2.452501311221233e-12,-1.013312675055612e-12,-2.605443690991559e-12,-1.0171884047184102e-12,-5.135049813744351e-13,114.0,114.0,114.0,114.0,114.0,114.0,-2.107051078933643e-15
267,267.0,-1.18983631266978e-15,-4.564918883308617e-15,-3.207807702573241e-16,-2.4899201664210473e-15,-4.2147432733812504e-14,-4.341424269351647e-15,-9.228320398209692e-12,-2.452501311221233e-12,-1.013312675055612e-12,-2.605443690991559e-12,-1.0171884047184102e-12,-5.135049813744351e-13,114.0,114.0,114.0,114.0,114.0,114.0,-2.107051078933643e-15
268,268.0,-1.18983631266978e-15,-4.564918883308617e-15,-3.207807702573241e-16,-2.4899201664210473e-15,-4.2147432733812504e-14,-4.341424269351647e-15,-9.228320398209692e-12,-2.452501311221233e-12,-1.013312675055612e-12,-2.605443690991559e-12,-1.0171884047184102e-12,-5.135049813744351e-13,114.0,114.0,114.0,114.0,114.0,114.0,-2.107051078933643e-15
269,269.0,-1.18983631266978e-15,-4.564918883308617e-15,-3.207807702573241e-16,-2.4899201664210473e-15,-4.2147432733812504e-14,-4.341424269351647e-15,-9.228320398209692e-12,-2.452501311221233e-12,-1.013312675055612e-12,-2.605443690991559e-12,-1.0171884047184102e-12,-5.135049813744351e-13,114.0,114.0,114.0,114.0,114.0,114.0,-2.107051078933643e-15
270,270.0,-1.18983631266978e-15,-4.564918883308617e-15,-3.207807702573241e-16,-2.4899201664210473e-15,-4.2147432733812504e-14,-4.341424269351647e-15,-9.228320398209692e-12,-2.452501311221233e-12,-1.013312675055612e-12,-2.605443690991559e-12,-1.0171884047184102e-12,-5.135049813744351e-13,114.0,114.0,114.0,114.0,114.0,114.0,-2.107051078933643e-15
271,271.0,-1.18983631266978e-15,-4.564918883308617e-15,-3.207807702573241e-16,-2.4899201664210473e-15,-4.2147432733812504e-14,-4.341424269351647e-15,-9.228320398209692e-12,-2.452501311221233e-12,-1.013312675055612e-12,-2.605443690991559e-12,-1.0171884047184102e-12,-5.135049813744351e-13,114.0,114.0,114.0,114.0,114.0,114.0,-2.107051078933643e-15
272,272.0,-1.18983631266978e-15,-4.564918883308617e-15,-3.207807702573241e-16,-2.4899201664210473e-15,-4.2147432733812504e-14,-4.341424269351647e-15,-9.228320398209692e-12,-2.452501311221233e-12,-1.013312675055612e-12,-2.605443690991559e-12,-1.0171884047184102e-12,-5.135049813744351e-13,114.0,114.0,114.0,114.0,114.0,114.0,-2.107051078933643e-15
273,273.0,-1.18983631266978e-15,-4.564918883308617e-15,-3.207807702573241e-16,-2.4899201664210473e-15,-4.2147432733812504e-14,-4.341424269351647e-15,-9.228320398209692e-12,-2.452501311221233e-12,-1.013312675055612e-12,-2.605443690991559e-12,-1.0171884047184102e-12,-5.135049813744351e-13,114.0,114.0,114.0,114.0,114.0,114.0,-2.107051078933643e-15
274,274.0,-1.18983631266978e-15,-4.564918883308617e-15,-3.207807702573241e-16,-2.4899201664210473e-15,-4.2147432733812504e-14,-4.341424269351647e-15,-9.228320398209692e-12,-2.452501311221233e-12,-1.013312675055612e-12,-2.605443690991559e-12,-1.0171884047184102e-12,-5.135049813744351e-13,114.0,114.0,114.0,114.0,114.0,114.0,-2.107051078933643e-15
275,275.0,-1.18983631266978e-15,-4.564918883308617e-15,-3.207807702573241e-16,-2.4899201664210473e-15,-4.2147432733812504e-14,-4.341424269351647e-15,-9.228320398209692e-12,-2.452501311221233e-12,-1.013312675055612e-12,-2.605443690991559e-12,-1.0171884047184102e-12,-5.135049813744351e-13,114.0,114.0,114.0,114.0,114.0,114.0,-2.107051078933643e-15
276,276.0,-1.18983631266978e-15,-4.564918883308617e-15,-3.207807702573241e-16,-2.4899201664210473e-15,-4.2147432733812504e-14,-4.341424269351647e-15,-9.228320398209692e-12,-2.452501311221233e-12,-1.013312675055612e-12,-2.605443690991559e-12,-1.0171884047184102e-12,-5.135049813744351e-13,114.0,114.0,114.0,114.0,114.0,114.0,-2.107051078933643e-15
277,277.0,-1.18983631266978e-15,-4.564918883308617e-15,-3.207807702573241e-16,-2.4899201664210473e-15,-4.2147432733812504e-14,-4.341424269351647e-15,-9.228320398209692e-12,-2.452501311221233e-12,-1.013312675055612e-12,-2.605443690991559e-12,-1.0171884047184102e-12,-5.135049813744351e-13,114.0,114.0,114.0,114.0,114.0,114.0,-2.107051078933643e-15
278,278.0,-1.18983631266978e-15,-4.564918883308617e-15,-3.207807702573241e-16,-2.4899201664210473e-15,-4.2147432733812504e-14,-4.341424269351647e-15,-9.228320398209692e-12,-2.452501311221233e-12,-1.013312675055612e-12,-2.605443690991559e-12,-1.0171884047184102e-12,-5.135049813744351e-13,114.0,114.0,114.0,114.0,114.0,114.0,-2.107051078933643e-15
279,279.0,-1.18983631266978e-15,-4.564918883308617e-15,-3.207807702573241e-16,-2.4899201664210473e-15,-4.2147432733812504e-14,-4.341424269351647e-15,-9.228320398209692e-12,-2.452501311221233e-12,-1.013312675055612e-12,-2.605443690991559e-12,-1.0171884047184102e-12,-5.135049813744351e-13,114.0,114.0,114.0,114.0,114.0,114.0,-2.107051078933643e-15
280,280.0,-1.18983631266978e-15,-4.564918883308617e-15,-3.207807702573241e-16,-2.4899201664210473e-15,-4.2147432733812504e-14,-4.341424269351647e-15,-9.228320398209692e-12,-2.452501311221233e-12,-1.013312675055612e-12,-2.605443690991559e-12,-1.0171884047184102e-12,-5.135049813744351e-13,114.0,114.0,114.0,114.0,114.0,114.0,-2.107051078933643e-15
281,281.0,-1.18983631266978e-15,-4.564918883308617e-15,-3.207807702573241e-16,-2.4899201664210473e-15,-4.2147432733812504e-14,-4.341424269351647e-15,-9.228320398209692e-12,-2.452501311221233e-12,-1.013312675055612e-12,-2.605443690991559e-12,-1.0171884047184102e-12,-5.135049813744351e-13,114.0,114.0,114.0,114.0,114.0,114.0,-2.107051078933643e-15
282,282.0,-1.18983631266978e-15,-4.564918883308617e-15,-3.207807702573241e-16,-2.4899201664210473e-15,-4.2147432733812504e-14,-4.341424269351647e-15,-9.228320398209692e-12,-2.452501311221233e-12,-1.013312675055612e-12,-2.605443690991559e-12,-1.0171884047184102e-12,-5.135049813744351e-13,114.0,114.0,114.0,114.0,114.0,114.0,-2.107051078933643e-15
283,283.0,-1.18983631266978e-15,-4.564918883308617e-15,-3.207807702573241e-16,-2.4899201664210473e-15,-4.2147432733812504e-14,-4.341424269351647e-15,-9.228320398209692e-12,-2.452501311221233e-12,-1.013312675055612e-12,-2.605443690991559e-12,-1.0171884047184102e-12,-5.135049813744351e-13,114.0,114.0,114.0,114.0,114.0,114.0,-2.107051078933643e-15
284,284.0,-1.18983631266978e-15,-4.564918883308617e-15,-3.207807702573241e-16,-2.4899201664210473e-15,-4.2147432733812504e-14,-4.341424269351647e-15,-9.228320398209692e-12,-2.452501311221233e-12,-1.013312675055612e-12,-2.605443690991559e-12,-1.0171884047184102e-12,-5.135049813744351e-13,114.0,114.0,114.0,114.0,114.0,114.0,-2.107051078933643e-15
285,285.0,-1.18983631266978e-15,-4.564918883308617e-15,-3.207807702573241e-16,-2.4899201664210473e-15,-4.2147432733812504e-14,-4.341424269351647e-15,-9.228320398209692e-12,-2.452501311221233e-12,-1.013312675055612e-12,-2.605443690991559e-12,-1.0171884047184102e-12,-5.135049813744351e-13,114.0,114.0,114.0,114.0,114.0,114.0,-2.107051078933643e-15
286,286.0,-1.18983631266978e-15,-4.564918883308617e-15,-3.207807702573241e-16,-2.4899201664210473e-15,-4.2147432733812504e-14,-4.341424269351647e-15,-9.228320398209692e-12,-2.452501311221233e-12,-1.013312675055612e-12,-2.605443690991559e-12,-1.0171884047184102e-12,-5.135049813744351e-13,114.0,114.0,114.0,114.0,114.0,114.0,-2.107051078933643e-15
287,287.0,-1.18983631266978e-15,-4.564918883308617e-15,-3.207807702573241e-16,-2.4899201664210473e-15,-4.2147432733812504e-14,-4.341424269351647e-15,-9.228320398209692e-12,-2.452501311221233e-12,-1.013312675055612e-12,-2.605443690991559e-12,-1.0171884047184102e-12,-5.135049813744351e-13,114.0,114.0,114.0,114.0,114.0,114.0,-2.107051078933643e-15
